file,status,score,java_lines,kotlin_lines,java_classes,kotlin_classes,java_methods,kotlin_methods,findings
"picocli-codegen-tests-java9plus/src/main/java/picocli/annotation/processing/tests/AnnotatedCommandSourceGenerator.java","needs-review","70","832","832","2","2","92","96","Kotlin output still contains 124 Java syntax markers."
"picocli-codegen-tests-java9plus/src/main/java/picocli/annotation/processing/tests/AnnotatedCommandSourceGeneratorProcessor.java","needs-review","70","137","137","2","2","14","15","Kotlin output still contains 27 Java syntax markers."
"picocli-codegen-tests-java9plus/src/main/java/picocli/annotation/processing/tests/CommandSpec2YamlProcessor.java","needs-review","70","30","30","1","1","4","4","Kotlin output still contains 8 Java syntax markers."
"picocli-codegen-tests-java9plus/src/main/java/picocli/annotation/processing/tests/CommandSpecYamlPrinter.java","poor","62","223","223","2","2","30","30","Kotlin output still contains 55 Java syntax markers.; Anonymous classes were present but no Kotlin lambda/object-expression signal was detected."
"picocli-codegen-tests-java9plus/src/main/java/picocli/annotation/processing/tests/Resources.java","needs-review","70","37","37","1","1","8","8","Kotlin output still contains 12 Java syntax markers."
"picocli-codegen-tests-java9plus/src/main/java/picocli/annotation/processing/tests/TypeImporter.java","needs-review","70","348","348","3","3","28","30","Kotlin output still contains 45 Java syntax markers."
"picocli-codegen-tests-java9plus/src/test/java/picocli/Issue1380Test.java","needs-review","70","72","72","4","4","10","10","Kotlin output still contains 19 Java syntax markers."
"picocli-codegen-tests-java9plus/src/test/java/picocli/Issue1420Test.java","needs-review","70","46","46","3","3","6","6","Kotlin output still contains 14 Java syntax markers."
"picocli-codegen-tests-java9plus/src/test/java/picocli/annotation/processing/tests/AbstractCommandSpecProcessorTest.java","poor","50","266","266","2","2","26","26","Kotlin output still contains 68 Java syntax markers.; Output contains 2 unresolved/error markers."
"picocli-codegen-tests-java9plus/src/test/java/picocli/annotation/processing/tests/AnnotatedCommandSourceGeneratorProcessorTest.java","needs-review","70","79","79","1","1","8","8","Kotlin output still contains 20 Java syntax markers."
"picocli-codegen-tests-java9plus/src/test/java/picocli/annotation/processing/tests/AnnotatedCommandSourceGeneratorTest.java","needs-review","80","16","16","1","1","2","2","Kotlin output still contains 5 Java syntax markers."
"picocli-codegen-tests-java9plus/src/test/java/picocli/annotation/processing/tests/Example.java","needs-review","70","78","78","2","2","9","9","Kotlin output still contains 19 Java syntax markers."
"picocli-codegen-tests-java9plus/src/test/java/picocli/annotation/processing/tests/Issue1134Test.java","needs-review","70","33","33","1","1","4","4","Kotlin output still contains 13 Java syntax markers."
"picocli-codegen-tests-java9plus/src/test/java/picocli/annotation/processing/tests/Issue1137Test.java","needs-review","70","33","33","1","1","4","4","Kotlin output still contains 13 Java syntax markers."
"picocli-codegen-tests-java9plus/src/test/java/picocli/annotation/processing/tests/Issue1151Test.java","needs-review","70","42","42","1","1","4","4","Kotlin output still contains 13 Java syntax markers."
"picocli-codegen-tests-java9plus/src/test/java/picocli/annotation/processing/tests/Issue1316Test.java","needs-review","76","19","19","1","1","2","2","Kotlin output still contains 6 Java syntax markers."
"picocli-codegen-tests-java9plus/src/test/java/picocli/annotation/processing/tests/Issue1319Test.java","needs-review","76","19","19","1","1","2","2","Kotlin output still contains 6 Java syntax markers."
"picocli-codegen-tests-java9plus/src/test/java/picocli/annotation/processing/tests/Issue1440Test.java","needs-review","76","23","23","1","1","2","2","Kotlin output still contains 6 Java syntax markers."
"picocli-codegen-tests-java9plus/src/test/java/picocli/annotation/processing/tests/Issue1444Test.java","needs-review","70","62","62","1","1","6","6","Kotlin output still contains 16 Java syntax markers."
"picocli-codegen-tests-java9plus/src/test/java/picocli/annotation/processing/tests/Issue1713Test.java","needs-review","76","21","21","1","1","2","2","Kotlin output still contains 6 Java syntax markers."
"picocli-codegen-tests-java9plus/src/test/java/picocli/annotation/processing/tests/Issue2344Test.java","needs-review","76","21","21","1","1","2","2","Kotlin output still contains 6 Java syntax markers."
"picocli-codegen-tests-java9plus/src/test/java/picocli/annotation/processing/tests/Issue2407Test.java","needs-review","66","28","28","1","1","2","2","Kotlin output still contains 6 Java syntax markers.; Output contains 1 unresolved/error markers."
"picocli-codegen-tests-java9plus/src/test/java/picocli/annotation/processing/tests/Issue769Test.java","needs-review","70","44","44","1","1","4","4","Kotlin output still contains 11 Java syntax markers."
"picocli-codegen-tests-java9plus/src/test/java/picocli/annotation/processing/tests/Issue777Test.java","needs-review","70","59","59","1","1","2","2","Kotlin output still contains 9 Java syntax markers."
"picocli-codegen-tests-java9plus/src/test/java/picocli/annotation/processing/tests/MixeeTest.java","needs-review","70","89","89","2","2","4","4","Kotlin output still contains 18 Java syntax markers."
"picocli-codegen-tests-java9plus/src/test/java/picocli/annotation/processing/tests/TypeImporterTest.java","needs-review","70","60","60","1","1","6","6","Kotlin output still contains 29 Java syntax markers."
"picocli-codegen-tests-java9plus/src/test/java/picocli/annotation/processing/tests/YamlAssert.java","needs-review","70","133","133","1","1","20","20","Kotlin output still contains 31 Java syntax markers."
"picocli-codegen-tests-java9plus/src/test/java/picocli/codegen/aot/graalvm/processor/NativeImageConfigGeneratorProcessorTest.java","needs-review","70","344","344","1","1","38","38","Kotlin output still contains 68 Java syntax markers."
"picocli-codegen-tests-java9plus/src/test/java/picocli/terminal/Size.java","poor","62","295","295","1","1","47","50","Kotlin output still contains 83 Java syntax markers.; Anonymous classes were present but no Kotlin lambda/object-expression signal was detected."
"picocli-codegen-tests-java9plus/src/test/resources/FileList.java","needs-review","70","58","56","3","3","5","7","Kotlin output still contains 17 Java syntax markers."
"picocli-codegen-tests-java9plus/src/test/resources/generated/picocli/codegen/aot/graalvm/Example.java","needs-review","72","41","41","2","2","3","3","Kotlin output still contains 7 Java syntax markers."
"picocli-codegen-tests-java9plus/src/test/resources/generated/picocli/examples/PopulateFlagsMain.java","needs-review","76","14","14","2","2","0","0","Kotlin output still contains 6 Java syntax markers."
"picocli-codegen-tests-java9plus/src/test/resources/generated/picocli/issue769/MyMixin.java","good","96","8","8","1","1","0","0","Kotlin output still contains 1 Java syntax markers."
"picocli-codegen-tests-java9plus/src/test/resources/generated/picocli/issue769/SubCommand.java","good","100","8","8","1","1","0","0","No heuristic issues detected."
"picocli-codegen-tests-java9plus/src/test/resources/picocli/codegen/aot/graalvm/Example.java","needs-review","70","62","62","2","2","8","8","Kotlin output still contains 17 Java syntax markers."
"picocli-codegen-tests-java9plus/src/test/resources/picocli/codegen/graalvm/example/ExampleFull.java","needs-review","70","122","122","1","1","11","11","Kotlin output still contains 20 Java syntax markers."
"picocli-codegen-tests-java9plus/src/test/resources/picocli/codegen/graalvm/example/ExampleInterface.java","poor","62","62","62","2","2","11","11","Kotlin output still contains 13 Java syntax markers.; Anonymous classes were present but no Kotlin lambda/object-expression signal was detected."
"picocli-codegen-tests-java9plus/src/test/resources/picocli/examples/PopulateFlagsMain.java","needs-review","70","113","113","2","2","5","5","Kotlin output still contains 14 Java syntax markers."
"picocli-codegen-tests-java9plus/src/test/resources/picocli/examples/annotatedmethods/AnnotatedClassMethodOptions.java","needs-review","70","97","97","5","5","38","38","Kotlin output still contains 82 Java syntax markers."
"picocli-codegen-tests-java9plus/src/test/resources/picocli/examples/annotatedmethods/AnnotatedInterfaceMethodOptions.java","good","92","98","98","5","5","38","38","Kotlin output still contains 2 Java syntax markers."
"picocli-codegen-tests-java9plus/src/test/resources/picocli/examples/annotatedmethods/InvalidAnnotatedInterfaceMethodOptions.java","good","88","26","26","3","3","0","0","Kotlin output still contains 3 Java syntax markers."
"picocli-codegen-tests-java9plus/src/test/resources/picocli/examples/logging/LoggingMixin.java","poor","50","160","160","2","2","8","8","Kotlin output still contains 21 Java syntax markers.; Output contains 2 unresolved/error markers."
"picocli-codegen-tests-java9plus/src/test/resources/picocli/examples/logging/LoggingSub.java","needs-review","76","29","29","1","1","2","2","Kotlin output still contains 6 Java syntax markers."
"picocli-codegen-tests-java9plus/src/test/resources/picocli/examples/logging/LoggingSubSub.java","needs-review","76","29","29","1","1","2","2","Kotlin output still contains 6 Java syntax markers."
"picocli-codegen-tests-java9plus/src/test/resources/picocli/examples/logging/MyApp.java","needs-review","70","57","57","1","1","5","5","Kotlin output still contains 12 Java syntax markers."
"picocli-codegen-tests-java9plus/src/test/resources/picocli/examples/messages/CommandWithBundle.java","good","96","5","5","1","1","0","0","Kotlin output still contains 1 Java syntax markers."
"picocli-codegen-tests-java9plus/src/test/resources/picocli/examples/messages/CommandWithBundle2.java","good","96","6","6","1","1","0","0","Kotlin output still contains 1 Java syntax markers."
"picocli-codegen-tests-java9plus/src/test/resources/picocli/examples/mixin/CommandWithMixin.java","needs-review","70","23","23","1","1","5","5","Kotlin output still contains 9 Java syntax markers."
"picocli-codegen-tests-java9plus/src/test/resources/picocli/examples/mixin/CommonOption.java","good","96","8","8","1","1","0","0","Kotlin output still contains 1 Java syntax markers."
"picocli-codegen-tests-java9plus/src/test/resources/picocli/examples/subcommands/ParentCommandDemo.java","needs-review","70","51","51","3","3","7","7","Kotlin output still contains 19 Java syntax markers."
"picocli-codegen-tests-java9plus/src/test/resources/picocli/examples/validation/Invalid.java","needs-review","70","69","69","3","3","0","0","Kotlin output still contains 10 Java syntax markers."
"picocli-codegen-tests-java9plus/src/test/resources/picocli/examples/validation/Invalid2.java","good","92","6","6","1","1","0","0","Kotlin output still contains 2 Java syntax markers."
"picocli-codegen-tests-java9plus/src/test/resources/picocli/examples/validation/Invalid3.java","needs-review","84","7","7","1","1","1","1","Kotlin output still contains 4 Java syntax markers."
"picocli-codegen-tests-java9plus/src/test/resources/picocli/examples/validation/Invalid4.java","good","92","16","16","1","1","0","0","Kotlin output still contains 2 Java syntax markers."
"picocli-codegen-tests-java9plus/src/test/resources/picocli/examples/validation/InvalidFinal.java","needs-review","70","82","82","1","1","0","0","Kotlin output still contains 40 Java syntax markers."
"picocli-codegen-tests-java9plus/src/test/resources/picocli/examples/validation/InvalidSplit.java","good","92","10","10","1","1","0","0","Kotlin output still contains 2 Java syntax markers."
"picocli-codegen-tests-java9plus/src/test/resources/picocli/issue1134/Issue1134.java","needs-review","84","23","23","2","2","1","1","Kotlin output still contains 4 Java syntax markers."
"picocli-codegen-tests-java9plus/src/test/resources/picocli/issue1137/Issue1137.java","needs-review","72","32","32","2","2","2","2","Kotlin output still contains 7 Java syntax markers."
"picocli-codegen-tests-java9plus/src/test/resources/picocli/issue1151/Issue1151CommandWithManPageGeneratorSubcommand.java","needs-review","70","15","15","1","1","4","4","Kotlin output still contains 9 Java syntax markers."
"picocli-codegen-tests-java9plus/src/test/resources/picocli/issue1316/Example.java","good","96","11","11","1","1","0","0","Kotlin output still contains 1 Java syntax markers."
"picocli-codegen-tests-java9plus/src/test/resources/picocli/issue1319/InheritHelpApp.java","good","96","13","13","1","1","1","1","Kotlin output still contains 1 Java syntax markers."
"picocli-codegen-tests-java9plus/src/test/resources/picocli/issue1440inheritedoptions/Command1.java","good","100","15","15","1","1","0","0","No heuristic issues detected."
"picocli-codegen-tests-java9plus/src/test/resources/picocli/issue1440inheritedoptions/Command2.java","good","100","15","15","1","1","0","0","No heuristic issues detected."
"picocli-codegen-tests-java9plus/src/test/resources/picocli/issue1444super/AbstractCommand.java","needs-review","72","15","15","2","2","1","1","Kotlin output still contains 7 Java syntax markers."
"picocli-codegen-tests-java9plus/src/test/resources/picocli/issue1444super/ConcreteCommand.java","needs-review","80","14","14","2","2","0","0","Kotlin output still contains 5 Java syntax markers."
"picocli-codegen-tests-java9plus/src/test/resources/picocli/issue1713/Command.java","good","100","16","16","1","1","0","0","No heuristic issues detected."
"picocli-codegen-tests-java9plus/src/test/resources/picocli/issue2344/Application.java","needs-review","70","38","38","3","3","6","6","Kotlin output still contains 12 Java syntax markers."
"picocli-codegen-tests-java9plus/src/test/resources/picocli/issue2407/Main.java","needs-review","84","23","23","4","4","0","0","Kotlin output still contains 4 Java syntax markers."
"picocli-codegen-tests-java9plus/src/test/resources/picocli/issue769/MyMixin.java","good","92","14","14","3","3","0","0","Kotlin output still contains 2 Java syntax markers."
"picocli-codegen-tests-java9plus/src/test/resources/picocli/issue777/CompositeGroupDemo.java","needs-review","72","41","41","7","7","0","0","Kotlin output still contains 7 Java syntax markers."
"picocli-codegen-tests-java9plus/src/test/resources/picocli/issue777/MutuallyExclusiveOptionsDemo.java","good","92","12","12","2","2","0","0","Kotlin output still contains 2 Java syntax markers."
"picocli-codegen-tests-java9plus/src/test/resources/picocli/issue793/Issue793.java","needs-review","80","32","32","5","5","1","1","Kotlin output still contains 5 Java syntax markers."
"picocli-codegen-tests-java9plus/src/test/resources/picocli/issue803/Issue803.java","needs-review","70","31","31","5","5","5","5","Kotlin output still contains 22 Java syntax markers."
"picocli-codegen-tests-java9plus/src/test/resources/picocli/issue850missingmixin/App.java","needs-review","70","48","48","1","1","5","5","Kotlin output still contains 8 Java syntax markers."
"picocli-codegen-tests-java9plus/src/test/resources/picocli/issue850missingmixin/InitCommand.java","needs-review","72","51","51","1","1","1","1","Kotlin output still contains 7 Java syntax markers."
"picocli-codegen-tests-java9plus/src/test/resources/picocli/issue850missingmixin/ProviderMixin.java","needs-review","70","65","65","2","2","9","9","Kotlin output still contains 18 Java syntax markers."
"picocli-codegen-tests-java9plus/src/test/resources/picocli/ls/FileList.java","needs-review","70","59","57","3","3","5","7","Kotlin output still contains 17 Java syntax markers."
"picocli-codegen/src/main/java/picocli/codegen/annotation/processing/AbstractCommandSpecProcessor.java","poor","30","1055","1055","5","5","97","104","Kotlin output still contains 183 Java syntax markers.; Output contains 4 unresolved/error markers."
"picocli-codegen/src/main/java/picocli/codegen/annotation/processing/AnnotatedElementHolder.java","needs-review","72","55","55","1","1","5","5","Kotlin output still contains 7 Java syntax markers."
"picocli-codegen/src/main/java/picocli/codegen/annotation/processing/AnnotationValidator.java","poor","60","227","227","2","2","24","26","Kotlin output still contains 50 Java syntax markers.; Output contains 1 unresolved/error markers."
"picocli-codegen/src/main/java/picocli/codegen/annotation/processing/CompileTimeTypeInfo.java","needs-review","70","235","235","2","2","32","35","Kotlin output still contains 39 Java syntax markers."
"picocli-codegen/src/main/java/picocli/codegen/annotation/processing/CompletionCandidatesMetaData.java","needs-review","70","75","75","1","1","9","9","Kotlin output still contains 11 Java syntax markers."
"picocli-codegen/src/main/java/picocli/codegen/annotation/processing/DefaultValueProviderMetaData.java","needs-review","70","74","74","1","1","9","9","Kotlin output still contains 13 Java syntax markers."
"picocli-codegen/src/main/java/picocli/codegen/annotation/processing/ITypeMetaData.java","good","96","28","28","1","1","3","3","Kotlin output still contains 1 Java syntax markers."
"picocli-codegen/src/main/java/picocli/codegen/annotation/processing/MixinInfo.java","needs-review","70","78","78","1","1","8","9","Kotlin output still contains 14 Java syntax markers."
"picocli-codegen/src/main/java/picocli/codegen/annotation/processing/ParameterConsumerMetaData.java","needs-review","70","80","80","1","1","8","8","Kotlin output still contains 11 Java syntax markers."
"picocli-codegen/src/main/java/picocli/codegen/annotation/processing/TypeConverterMetaData.java","needs-review","70","80","80","1","1","8","8","Kotlin output still contains 14 Java syntax markers."
"picocli-codegen/src/main/java/picocli/codegen/annotation/processing/TypeUtil.java","good","88","14","14","1","1","3","3","Kotlin output still contains 3 Java syntax markers."
"picocli-codegen/src/main/java/picocli/codegen/annotation/processing/TypedMember.java","needs-review","70","128","128","1","1","51","51","Kotlin output still contains 71 Java syntax markers."
"picocli-codegen/src/main/java/picocli/codegen/annotation/processing/VersionProviderMetaData.java","needs-review","70","72","72","1","1","9","9","Kotlin output still contains 14 Java syntax markers."
"picocli-codegen/src/main/java/picocli/codegen/annotation/processing/package-info.java","good","100","4","4","0","0","0","0","No heuristic issues detected."
"picocli-codegen/src/main/java/picocli/codegen/aot/graalvm/DynamicProxyConfigGenerator.java","needs-review","70","170","170","9","9","15","15","Kotlin output still contains 30 Java syntax markers."
"picocli-codegen/src/main/java/picocli/codegen/aot/graalvm/JniConfigGenerator.java","needs-review","70","92","92","2","2","11","11","Kotlin output still contains 24 Java syntax markers."
"picocli-codegen/src/main/java/picocli/codegen/aot/graalvm/OutputFileMixin.java","needs-review","72","33","33","1","1","3","3","Kotlin output still contains 7 Java syntax markers."
"picocli-codegen/src/main/java/picocli/codegen/aot/graalvm/ReflectionConfigGenerator.java","needs-review","70","609","609","7","7","77","82","Kotlin output still contains 138 Java syntax markers."
"picocli-codegen/src/main/java/picocli/codegen/aot/graalvm/ResourceConfigGenerator.java","needs-review","70","155","155","4","4","18","18","Kotlin output still contains 30 Java syntax markers."
"picocli-codegen/src/main/java/picocli/codegen/aot/graalvm/package-info.java","good","100","4","4","0","0","0","0","No heuristic issues detected."
"picocli-codegen/src/main/java/picocli/codegen/aot/graalvm/processor/AbstractCompositeGeneratorProcessor.java","needs-review","80","41","41","1","1","2","2","Kotlin output still contains 5 Java syntax markers."
"picocli-codegen/src/main/java/picocli/codegen/aot/graalvm/processor/AbstractGenerator.java","poor","40","66","66","1","1","11","12","Kotlin output still contains 23 Java syntax markers.; Output contains 3 unresolved/error markers."
"picocli-codegen/src/main/java/picocli/codegen/aot/graalvm/processor/IGenerator.java","good","96","7","7","1","1","1","1","Kotlin output still contains 1 Java syntax markers."
"picocli-codegen/src/main/java/picocli/codegen/aot/graalvm/processor/NativeImageConfigGeneratorProcessor.java","needs-review","70","43","43","1","1","5","5","Kotlin output still contains 11 Java syntax markers."
"picocli-codegen/src/main/java/picocli/codegen/aot/graalvm/processor/ProcessorUtil.java","needs-review","70","37","37","1","1","6","6","Kotlin output still contains 10 Java syntax markers."
"picocli-codegen/src/main/java/picocli/codegen/aot/graalvm/processor/ProxyConfigGen.java","needs-review","76","28","28","1","1","1","1","Kotlin output still contains 6 Java syntax markers."
"picocli-codegen/src/main/java/picocli/codegen/aot/graalvm/processor/ReflectConfigGen.java","needs-review","84","18","18","1","1","1","1","Kotlin output still contains 4 Java syntax markers."
"picocli-codegen/src/main/java/picocli/codegen/aot/graalvm/processor/ResourceConfigGen.java","needs-review","70","39","39","1","1","1","1","Kotlin output still contains 10 Java syntax markers."
"picocli-codegen/src/main/java/picocli/codegen/aot/graalvm/processor/package-info.java","good","100","4","4","0","0","0","0","No heuristic issues detected."
"picocli-codegen/src/main/java/picocli/codegen/docgen/manpage/ManPageGenerator.java","poor","52","721","721","7","7","76","78","Kotlin output still contains 189 Java syntax markers.; Output contains 1 unresolved/error markers.; Anonymous classes were present but no Kotlin lambda/object-expression signal was detected."
"picocli-codegen/src/main/java/picocli/codegen/docgen/manpage/package-info.java","good","100","5","5","0","0","0","0","No heuristic issues detected."
"picocli-codegen/src/main/java/picocli/codegen/util/Assert.java","needs-review","70","23","23","1","1","6","6","Kotlin output still contains 14 Java syntax markers."
"picocli-codegen/src/main/java/picocli/codegen/util/JulLogFormatter.java","needs-review","80","20","20","1","1","4","4","Kotlin output still contains 5 Java syntax markers."
"picocli-codegen/src/main/java/picocli/codegen/util/Util.java","needs-review","70","30","30","1","1","4","4","Kotlin output still contains 10 Java syntax markers."
"picocli-codegen/src/main/java/picocli/codegen/util/package-info.java","good","100","4","4","0","0","0","0","No heuristic issues detected."
"picocli-codegen/src/main/java9/module-info.java","good","100","35","35","0","0","0","0","No heuristic issues detected."
"picocli-codegen/src/test/java/picocli/codegen/aot/graalvm/DynamicProxyConfigGeneratorTest.java","needs-review","70","65","65","1","1","10","10","Kotlin output still contains 20 Java syntax markers."
"picocli-codegen/src/test/java/picocli/codegen/aot/graalvm/Example.java","needs-review","70","78","78","2","2","9","9","Kotlin output still contains 19 Java syntax markers."
"picocli-codegen/src/test/java/picocli/codegen/aot/graalvm/ExampleInterface.java","poor","62","63","63","2","2","11","11","Kotlin output still contains 13 Java syntax markers.; Anonymous classes were present but no Kotlin lambda/object-expression signal was detected."
"picocli-codegen/src/test/java/picocli/codegen/aot/graalvm/Issue1274AbstractCommand.java","good","88","13","13","1","1","1","1","Kotlin output still contains 3 Java syntax markers."
"picocli-codegen/src/test/java/picocli/codegen/aot/graalvm/Issue1274Command.java","good","96","5","5","1","1","0","0","Kotlin output still contains 1 Java syntax markers."
"picocli-codegen/src/test/java/picocli/codegen/aot/graalvm/Issue622AbstractCommand.java","good","96","10","10","1","1","0","0","Kotlin output still contains 1 Java syntax markers."
"picocli-codegen/src/test/java/picocli/codegen/aot/graalvm/Issue622App.java","good","96","5","5","1","1","0","0","Kotlin output still contains 1 Java syntax markers."
"picocli-codegen/src/test/java/picocli/codegen/aot/graalvm/Issue622Command1.java","good","96","5","5","1","1","0","0","Kotlin output still contains 1 Java syntax markers."
"picocli-codegen/src/test/java/picocli/codegen/aot/graalvm/Issue622Command2.java","good","96","8","8","1","1","0","0","Kotlin output still contains 1 Java syntax markers."
"picocli-codegen/src/test/java/picocli/codegen/aot/graalvm/Issue622Command2Sub.java","good","96","8","8","1","1","0","0","Kotlin output still contains 1 Java syntax markers."
"picocli-codegen/src/test/java/picocli/codegen/aot/graalvm/Issue793Test.java","needs-review","70","95","95","6","6","3","3","Kotlin output still contains 12 Java syntax markers."
"picocli-codegen/src/test/java/picocli/codegen/aot/graalvm/Issue930Example.java","needs-review","70","15","15","1","1","5","5","Kotlin output still contains 10 Java syntax markers."
"picocli-codegen/src/test/java/picocli/codegen/aot/graalvm/Issue930Factory.java","needs-review","84","14","14","1","1","2","2","Kotlin output still contains 4 Java syntax markers."
"picocli-codegen/src/test/java/picocli/codegen/aot/graalvm/ReflectionConfigGeneratorTest.java","needs-review","70","104","104","1","1","18","18","Kotlin output still contains 33 Java syntax markers."
"picocli-codegen/src/test/java/picocli/codegen/aot/graalvm/ResourceConfigGeneratorTest.java","needs-review","70","75","75","1","1","10","10","Kotlin output still contains 20 Java syntax markers."
"picocli-codegen/src/test/java/picocli/codegen/docgen/manpage/Issue2145.java","needs-review","72","18","18","2","2","3","3","Kotlin output still contains 7 Java syntax markers."
"picocli-codegen/src/test/java/picocli/codegen/docgen/manpage/ManPageGeneratorTest.java","needs-review","70","427","427","13","13","76","76","Kotlin output still contains 116 Java syntax markers."
"picocli-examples/annotation-processing/example-gradle-project/src/main/java/com/company/Main.java","needs-review","70","29","29","1","1","4","4","Kotlin output still contains 8 Java syntax markers."
"picocli-examples/annotation-processing/example-maven-project-shading/src/main/java/com/company/Main.java","needs-review","70","29","29","1","1","4","4","Kotlin output still contains 8 Java syntax markers."
"picocli-examples/annotation-processing/example-maven-project-simple/src/main/java/com/company/Main.java","needs-review","70","29","29","1","1","4","4","Kotlin output still contains 8 Java syntax markers."
"picocli-examples/generate-man-pages/example-gradle-project/src/main/java/com/company/Main.java","needs-review","70","65","65","3","3","4","4","Kotlin output still contains 9 Java syntax markers."
"picocli-examples/generate-man-pages/example-maven-project/src/main/java/com/company/Main.java","needs-review","70","65","65","3","3","4","4","Kotlin output still contains 9 Java syntax markers."
"picocli-examples/src/main/java/AutomaticHelpDemo.java","needs-review","84","18","18","1","1","1","1","Kotlin output still contains 4 Java syntax markers."
"picocli-examples/src/main/java/Greet.java","needs-review","84","18","18","1","1","1","1","Kotlin output still contains 4 Java syntax markers."
"picocli-examples/src/main/java/picocli/examples/AutomaticHelpDemo.java","needs-review","70","44","44","1","1","4","4","Kotlin output still contains 12 Java syntax markers."
"picocli-examples/src/main/java/picocli/examples/AutomaticHelpDemo3.java","needs-review","70","33","33","1","1","4","4","Kotlin output still contains 12 Java syntax markers."
"picocli-examples/src/main/java/picocli/examples/Example.java","needs-review","70","43","43","1","1","4","4","Kotlin output still contains 12 Java syntax markers."
"picocli-examples/src/main/java/picocli/examples/Greet.java","needs-review","70","27","27","1","1","4","4","Kotlin output still contains 10 Java syntax markers."
"picocli-examples/src/main/java/picocli/examples/PopulateFlagsMain.java","needs-review","70","113","113","2","2","5","5","Kotlin output still contains 13 Java syntax markers."
"picocli-examples/src/main/java/picocli/examples/PopulateFlagsWithLongNamesMain.java","needs-review","70","92","92","2","2","3","3","Kotlin output still contains 9 Java syntax markers."
"picocli-examples/src/main/java/picocli/examples/PopulateHelpRequestedMain.java","needs-review","70","72","72","2","2","3","3","Kotlin output still contains 9 Java syntax markers."
"picocli-examples/src/main/java/picocli/examples/PopulateOptionsWithValuesMain.java","needs-review","70","145","145","2","2","4","4","Kotlin output still contains 11 Java syntax markers."
"picocli-examples/src/main/java/picocli/examples/PopulatePositionalParametersMain.java","needs-review","70","123","123","2","2","4","4","Kotlin output still contains 11 Java syntax markers."
"picocli-examples/src/main/java/picocli/examples/UserManualExamples.java","needs-review","70","30","30","2","2","4","4","Kotlin output still contains 9 Java syntax markers."
"picocli-examples/src/main/java/picocli/examples/VersionProviderDemo1.java","needs-review","70","78","78","2","2","6","6","Kotlin output still contains 14 Java syntax markers."
"picocli-examples/src/main/java/picocli/examples/VersionProviderDemo2.java","needs-review","70","66","66","2","2","8","8","Kotlin output still contains 19 Java syntax markers."
"picocli-examples/src/main/java/picocli/examples/arggroup/ArgGroupMixinDemo.java","needs-review","70","105","105","6","6","11","11","Kotlin output still contains 24 Java syntax markers."
"picocli-examples/src/main/java/picocli/examples/arggroup/ArgGroupMixinDemo2.java","needs-review","70","123","123","6","6","22","22","Kotlin output still contains 35 Java syntax markers."
"picocli-examples/src/main/java/picocli/examples/arggroup/CompositeGroupDemo.java","needs-review","70","43","43","4","4","3","3","Kotlin output still contains 9 Java syntax markers."
"picocli-examples/src/main/java/picocli/examples/arggroup/DefaultValueBadExample.java","needs-review","72","16","16","2","2","3","3","Kotlin output still contains 7 Java syntax markers."
"picocli-examples/src/main/java/picocli/examples/arggroup/DefaultValueGoodExample.java","needs-review","76","16","16","2","2","3","3","Kotlin output still contains 6 Java syntax markers."
"picocli-examples/src/main/java/picocli/examples/arggroup/DependentOptionsDemo.java","needs-review","72","39","39","2","2","4","4","Kotlin output still contains 7 Java syntax markers."
"picocli-examples/src/main/java/picocli/examples/arggroup/Grades.java","needs-review","70","30","30","2","2","4","4","Kotlin output still contains 9 Java syntax markers."
"picocli-examples/src/main/java/picocli/examples/arggroup/MutuallyExclusiveOptionsDemo.java","needs-review","72","39","39","2","2","4","4","Kotlin output still contains 7 Java syntax markers."
"picocli-examples/src/main/java/picocli/examples/arggroup/OptionSectionDemo.java","needs-review","70","51","51","3","3","3","3","Kotlin output still contains 8 Java syntax markers."
"picocli-examples/src/main/java/picocli/examples/arggroup/RepeatingCompositeOptions.java","needs-review","70","63","63","5","5","19","20","Kotlin output still contains 29 Java syntax markers."
"picocli-examples/src/main/java/picocli/examples/arggroup/SO61203155.java","needs-review","70","62","62","6","6","8","8","Kotlin output still contains 19 Java syntax markers."
"picocli-examples/src/main/java/picocli/examples/arggroup/SO61963756.java","needs-review","70","33","33","3","3","18","18","Kotlin output still contains 24 Java syntax markers."
"picocli-examples/src/main/java/picocli/examples/atfile/AtFileGenerator.java","needs-review","70","125","125","1","1","17","17","Kotlin output still contains 38 Java syntax markers."
"picocli-examples/src/main/java/picocli/examples/autocomplete/CommandWithCompletionSubcommand.java","needs-review","70","35","35","2","2","5","5","Kotlin output still contains 10 Java syntax markers."
"picocli-examples/src/main/java/picocli/examples/casesensitivity/CaseInsensitiveDemo.java","needs-review","70","24","24","1","1","5","5","Kotlin output still contains 9 Java syntax markers."
"picocli-examples/src/main/java/picocli/examples/casesensitivity/POSIXOptionResembleDemo.java","needs-review","70","39","39","1","1","6","6","Kotlin output still contains 11 Java syntax markers."
"picocli-examples/src/main/java/picocli/examples/casesensitivity/ScopedCaseSensitivityDemo.java","needs-review","70","44","44","2","2","8","8","Kotlin output still contains 12 Java syntax markers."
"picocli-examples/src/main/java/picocli/examples/cjk/CheckSum.java","needs-review","70","38","38","1","1","5","5","Kotlin output still contains 10 Java syntax markers."
"picocli-examples/src/main/java/picocli/examples/cjk/JapaneseDemo.java","needs-review","70","14","14","1","1","4","4","Kotlin output still contains 8 Java syntax markers."
"picocli-examples/src/main/java/picocli/examples/color/ColorDemo.java","needs-review","70","15","15","1","1","4","4","Kotlin output still contains 8 Java syntax markers."
"picocli-examples/src/main/java/picocli/examples/completioncandidates/FileCompleterDemo.java","needs-review","70","25","25","2","2","6","6","Kotlin output still contains 11 Java syntax markers."
"picocli-examples/src/main/java/picocli/examples/customhelp/AlphabeticSubcommands.java","poor","62","54","54","4","4","11","11","Kotlin output still contains 19 Java syntax markers.; Anonymous classes were present but no Kotlin lambda/object-expression signal was detected."
"picocli-examples/src/main/java/picocli/examples/customhelp/ConditionallyShowSubcommands.java","needs-review","70","39","39","2","2","7","7","Kotlin output still contains 11 Java syntax markers."
"picocli-examples/src/main/java/picocli/examples/customhelp/CustomOptionListAndSynopsis.java","poor","62","96","96","3","3","15","15","Kotlin output still contains 25 Java syntax markers.; Anonymous classes were present but no Kotlin lambda/object-expression signal was detected."
"picocli-examples/src/main/java/picocli/examples/customhelp/CustomOptionListAndSynopsisWithInheritance.java","poor","62","66","66","3","3","12","12","Kotlin output still contains 18 Java syntax markers.; Anonymous classes were present but no Kotlin lambda/object-expression signal was detected."
"picocli-examples/src/main/java/picocli/examples/customhelp/CustomParamList.java","poor","62","82","82","3","3","19","19","Kotlin output still contains 21 Java syntax markers.; Anonymous classes were present but no Kotlin lambda/object-expression signal was detected."
"picocli-examples/src/main/java/picocli/examples/customhelp/CustomSynopsisNonPosix.java","poor","62","53","53","3","3","8","8","Kotlin output still contains 13 Java syntax markers.; Anonymous classes were present but no Kotlin lambda/object-expression signal was detected."
"picocli-examples/src/main/java/picocli/examples/customhelp/EnvironmentVariablesSection.java","poor","62","83","83","2","2","15","15","Kotlin output still contains 28 Java syntax markers.; Anonymous classes were present but no Kotlin lambda/object-expression signal was detected."
"picocli-examples/src/main/java/picocli/examples/customhelp/GroupingDemo.java","needs-review","70","100","100","2","2","21","21","Kotlin output still contains 32 Java syntax markers."
"picocli-examples/src/main/java/picocli/examples/customhelp/HideOptionParams.java","poor","62","84","84","1","1","11","11","Kotlin output still contains 26 Java syntax markers.; Anonymous classes were present but no Kotlin lambda/object-expression signal was detected."
"picocli-examples/src/main/java/picocli/examples/customhelp/HideOptionParamsFromSynopsis.java","poor","62","59","59","1","1","11","11","Kotlin output still contains 18 Java syntax markers.; Anonymous classes were present but no Kotlin lambda/object-expression signal was detected."
"picocli-examples/src/main/java/picocli/examples/customhelp/HideSomePositionalParams.java","poor","62","61","61","4","4","10","10","Kotlin output still contains 17 Java syntax markers.; Anonymous classes were present but no Kotlin lambda/object-expression signal was detected."
"picocli-examples/src/main/java/picocli/examples/customhelp/ShowCommandHierarchy.java","needs-review","70","95","95","7","7","9","9","Kotlin output still contains 16 Java syntax markers."
"picocli-examples/src/main/java/picocli/examples/dateformat/DateFormatExample.java","needs-review","70","25","25","1","1","7","7","Kotlin output still contains 12 Java syntax markers."
"picocli-examples/src/main/java/picocli/examples/defaultprovider/MyPropertyDefaultProviderDemo.java","needs-review","70","47","47","2","2","8","8","Kotlin output still contains 16 Java syntax markers."
"picocli-examples/src/main/java/picocli/examples/defaultprovider/PropertiesDefaultProvider.java","needs-review","70","187","187","1","1","17","18","Kotlin output still contains 24 Java syntax markers."
"picocli-examples/src/main/java/picocli/examples/defaultprovider/SimpleDefaultProviderDemo.java","needs-review","70","45","45","2","2","5","6","Kotlin output still contains 12 Java syntax markers."
"picocli-examples/src/main/java/picocli/examples/defaultprovider/TwoPass.java","needs-review","70","82","82","3","3","17","17","Kotlin output still contains 26 Java syntax markers."
"picocli-examples/src/main/java/picocli/examples/env_var/App.java","needs-review","70","54","54","2","2","8","8","Kotlin output still contains 12 Java syntax markers."
"picocli-examples/src/main/java/picocli/examples/exceptionhandler/ExecutionExceptionHandlerDemo.java","poor","62","30","30","1","1","7","7","Kotlin output still contains 10 Java syntax markers.; Anonymous classes were present but no Kotlin lambda/object-expression signal was detected."
"picocli-examples/src/main/java/picocli/examples/exceptionhandler/ExecutionExceptionHandlerDemo2.java","poor","62","43","43","1","1","7","7","Kotlin output still contains 12 Java syntax markers.; Anonymous classes were present but no Kotlin lambda/object-expression signal was detected."
"picocli-examples/src/main/java/picocli/examples/exceptionhandler/ParameterExceptionHandlerDemo.java","poor","62","40","40","1","1","6","6","Kotlin output still contains 12 Java syntax markers.; Anonymous classes were present but no Kotlin lambda/object-expression signal was detected."
"picocli-examples/src/main/java/picocli/examples/execute/ExecutionStrategyWithExecutionResult.java","needs-review","70","56","56","2","2","4","4","Kotlin output still contains 9 Java syntax markers."
"picocli-examples/src/main/java/picocli/examples/exitcode/CustomExitCodeCallable.java","needs-review","72","28","28","1","1","4","4","Kotlin output still contains 7 Java syntax markers."
"picocli-examples/src/main/java/picocli/examples/exitcode/CustomExitCodeCommandMethod.java","needs-review","76","29","29","1","1","3","3","Kotlin output still contains 6 Java syntax markers."
"picocli-examples/src/main/java/picocli/examples/exitcode/CustomExitCodeGenerator.java","needs-review","70","32","32","1","1","5","5","Kotlin output still contains 9 Java syntax markers."
"picocli-examples/src/main/java/picocli/examples/exitcode/ExitCodeExceptionMapperDemo.java","poor","62","38","38","1","1","7","7","Kotlin output still contains 11 Java syntax markers.; Anonymous classes were present but no Kotlin lambda/object-expression signal was detected."
"picocli-examples/src/main/java/picocli/examples/exitcode/ExitCodeOnExecutionException.java","needs-review","70","26","26","1","1","5","5","Kotlin output still contains 9 Java syntax markers."
"picocli-examples/src/main/java/picocli/examples/exitcode/ExitCodeOnInvalidInput.java","needs-review","70","27","27","1","1","6","6","Kotlin output still contains 10 Java syntax markers."
"picocli-examples/src/main/java/picocli/examples/exitcode/ExitCodeOnSuccess.java","needs-review","70","33","33","1","1","8","8","Kotlin output still contains 12 Java syntax markers."
"picocli-examples/src/main/java/picocli/examples/git/Git.java","needs-review","70","102","102","10","10","15","15","Kotlin output still contains 27 Java syntax markers."
"picocli-examples/src/main/java/picocli/examples/git/GitCommit.java","needs-review","76","55","55","2","2","3","3","Kotlin output still contains 6 Java syntax markers."
"picocli-examples/src/main/java/picocli/examples/git/GitStatus.java","good","88","35","35","2","2","4","4","Kotlin output still contains 3 Java syntax markers."
"picocli-examples/src/main/java/picocli/examples/i18n/I18NDemo.java","needs-review","70","27","27","1","1","4","4","Kotlin output still contains 11 Java syntax markers."
"picocli-examples/src/main/java/picocli/examples/i18n/localecontrol/LocaleControl.java","needs-review","70","50","50","2","2","10","10","Kotlin output still contains 17 Java syntax markers."
"picocli-examples/src/main/java/picocli/examples/inheritedoptions/DuplicateOptionsWorkaround.java","needs-review","70","31","31","1","1","4","4","Kotlin output still contains 9 Java syntax markers."
"picocli-examples/src/main/java/picocli/examples/inheritedoptions/Top.java","needs-review","70","40","40","1","1","8","8","Kotlin output still contains 16 Java syntax markers."
"picocli-examples/src/main/java/picocli/examples/interactive/InteractivePositionalParam.java","needs-review","70","41","41","2","2","4","5","Kotlin output still contains 11 Java syntax markers."
"picocli-examples/src/main/java/picocli/examples/interactive/PasswordDemo.java","needs-review","70","37","37","1","1","8","8","Kotlin output still contains 11 Java syntax markers."
"picocli-examples/src/main/java/picocli/examples/interactive/UserPasswordDemo.java","needs-review","70","25","25","1","1","6","6","Kotlin output still contains 12 Java syntax markers."
"picocli-examples/src/main/java/picocli/examples/jsr380/beanvalidation/User.java","poor","60","88","88","1","1","9","9","Kotlin output still contains 20 Java syntax markers.; Output contains 1 unresolved/error markers."
"picocli-examples/src/main/java/picocli/examples/jsr380/beanvalidation/User2.java","needs-review","70","77","77","1","1","8","8","Kotlin output still contains 18 Java syntax markers."
"picocli-examples/src/main/java/picocli/examples/jsr380/beanvalidation/ValidatingExecutionStrategy.java","needs-review","70","27","27","1","1","3","3","Kotlin output still contains 5 Java syntax markers.; Output contains 1 unresolved/error markers."
"picocli-examples/src/main/java/picocli/examples/leftalign/LeftAlignOptions.java","poor","62","95","95","1","1","12","12","Kotlin output still contains 35 Java syntax markers.; Anonymous classes were present but no Kotlin lambda/object-expression signal was detected."
"picocli-examples/src/main/java/picocli/examples/logging_mixin_advanced/LoggingMixin.java","poor","50","152","152","1","1","8","8","Kotlin output still contains 21 Java syntax markers.; Output contains 2 unresolved/error markers."
"picocli-examples/src/main/java/picocli/examples/logging_mixin_advanced/LoggingSub.java","needs-review","76","24","24","1","1","2","2","Kotlin output still contains 6 Java syntax markers."
"picocli-examples/src/main/java/picocli/examples/logging_mixin_advanced/LoggingSubSub.java","needs-review","76","24","24","1","1","2","2","Kotlin output still contains 6 Java syntax markers."
"picocli-examples/src/main/java/picocli/examples/logging_mixin_advanced/MyApp.java","needs-review","70","50","50","1","1","4","4","Kotlin output still contains 11 Java syntax markers."
"picocli-examples/src/main/java/picocli/examples/logging_mixin_simple/LoggingMixin.java","needs-review","72","24","24","1","1","1","1","Kotlin output still contains 7 Java syntax markers."
"picocli-examples/src/main/java/picocli/examples/logging_mixin_simple/MyApp.java","needs-review","70","42","42","1","1","6","6","Kotlin output still contains 15 Java syntax markers."
"picocli-examples/src/main/java/picocli/examples/logging_mixin_simple/Sub.java","needs-review","76","23","23","1","1","2","2","Kotlin output still contains 6 Java syntax markers."
"picocli-examples/src/main/java/picocli/examples/mixin/CommandWithMixin.java","needs-review","70","23","23","1","1","5","5","Kotlin output still contains 9 Java syntax markers."
"picocli-examples/src/main/java/picocli/examples/mixin/CommonOption.java","good","96","8","8","1","1","0","0","Kotlin output still contains 1 Java syntax markers."
"picocli-examples/src/main/java/picocli/examples/model/BasicResultProcessing.java","needs-review","70","52","52","1","1","2","2","Kotlin output still contains 8 Java syntax markers."
"picocli-examples/src/main/java/picocli/examples/model/ParseResultDemo.java","needs-review","70","47","47","1","1","4","4","Kotlin output still contains 15 Java syntax markers."
"picocli-examples/src/main/java/picocli/examples/negatableoptions/Demo.java","needs-review","70","24","24","1","1","4","4","Kotlin output still contains 8 Java syntax markers."
"picocli-examples/src/main/java/picocli/examples/optionaloptionparams/OptionalOptionParamDemo.java","needs-review","70","81","81","2","2","6","6","Kotlin output still contains 14 Java syntax markers."
"picocli-examples/src/main/java/picocli/examples/ordering/MakeArgOrderSignificant.java","needs-review","70","58","58","1","1","6","6","Kotlin output still contains 10 Java syntax markers."
"picocli-examples/src/main/java/picocli/examples/parameterconsumer/App.java","needs-review","70","34","34","2","2","7","7","Kotlin output still contains 13 Java syntax markers."
"picocli-examples/src/main/java/picocli/examples/parseresult/ParseResultDemo.java","needs-review","70","41","41","1","1","4","4","Kotlin output still contains 8 Java syntax markers."
"picocli-examples/src/main/java/picocli/examples/passthrough/Find.java","needs-review","70","65","65","2","2","8","8","Kotlin output still contains 17 Java syntax markers."
"picocli-examples/src/main/java/picocli/examples/programmatic/Demo.java","poor","62","30","30","1","1","4","4","Kotlin output still contains 10 Java syntax markers.; Anonymous classes were present but no Kotlin lambda/object-expression signal was detected."
"picocli-examples/src/main/java/picocli/examples/sharedoptions/Top.java","needs-review","70","70","70","3","3","19","19","Kotlin output still contains 31 Java syntax markers."
"picocli-examples/src/main/java/picocli/examples/stdin/PrintFirstLine.java","needs-review","70","52","52","1","1","9","9","Kotlin output still contains 15 Java syntax markers."
"picocli-examples/src/main/java/picocli/examples/subcommands/ParentCommandDemo.java","needs-review","70","52","52","3","3","7","7","Kotlin output still contains 19 Java syntax markers."
"picocli-examples/src/main/java/picocli/examples/subcommands/SubCmdsViaMethods.java","needs-review","70","40","40","1","1","15","15","Kotlin output still contains 13 Java syntax markers."
"picocli-examples/src/main/java/picocli/examples/subcommands/SubcommandDemo.java","needs-review","70","54","54","4","4","15","15","Kotlin output still contains 22 Java syntax markers."
"picocli-examples/src/main/java/picocli/examples/synopsis/ParametersBeforeOptions.java","poor","62","38","38","2","2","7","7","Kotlin output still contains 12 Java syntax markers.; Anonymous classes were present but no Kotlin lambda/object-expression signal was detected."
"picocli-examples/src/main/java/picocli/examples/synopsis/RequiredMultiValueOptionDemo.java","needs-review","72","52","52","2","2","3","3","Kotlin output still contains 7 Java syntax markers."
"picocli-examples/src/main/java/picocli/examples/synopsis/Unsorted.java","poor","62","59","59","3","3","9","9","Kotlin output still contains 15 Java syntax markers.; Anonymous classes were present but no Kotlin lambda/object-expression signal was detected."
"picocli-examples/src/main/java/picocli/examples/typeconverter/InetSocketAddressConverterDemo.java","needs-review","70","39","39","2","2","7","7","Kotlin output still contains 13 Java syntax markers."
"picocli-examples/src/main/java/picocli/examples/typeconverter/InteractiveConverterDemo.java","needs-review","70","51","51","2","2","6","6","Kotlin output still contains 13 Java syntax markers."
"picocli-examples/src/test/java/picocli/examples/stdin/PrintFirstLineTest.java","needs-review","70","26","26","1","1","3","3","Kotlin output still contains 9 Java syntax markers."
"picocli-groovy/src/main/java/picocli/groovy/PicocliBaseScript.java","needs-review","70","300","300","1","1","22","22","Kotlin output still contains 21 Java syntax markers."
"picocli-groovy/src/main/java/picocli/groovy/PicocliBaseScript2.java","poor","62","288","288","1","1","16","16","Kotlin output still contains 21 Java syntax markers.; Anonymous classes were present but no Kotlin lambda/object-expression signal was detected."
"picocli-groovy/src/main/java/picocli/groovy/PicocliScript.java","good","96","88","88","1","1","1","1","Kotlin output still contains 1 Java syntax markers."
"picocli-groovy/src/main/java/picocli/groovy/PicocliScript2.java","good","96","89","89","1","1","1","1","Kotlin output still contains 1 Java syntax markers."
"picocli-groovy/src/main/java/picocli/groovy/PicocliScriptASTTransformation.java","needs-review","70","176","176","2","6","15","18","Kotlin output still contains 47 Java syntax markers."
"picocli-groovy/src/main/java/picocli/groovy/package-info.java","good","100","4","4","0","0","0","0","No heuristic issues detected."
"picocli-groovy/src/main/java9/module-info.java","good","100","30","30","0","0","0","0","No heuristic issues detected."
"picocli-shell-jline2/src/main/java/picocli/shell/jline2/PicocliJLineCompleter.java","needs-review","72","49","49","1","1","3","3","Kotlin output still contains 7 Java syntax markers."
"picocli-shell-jline2/src/main/java/picocli/shell/jline2/package-info.java","good","100","4","4","0","0","0","0","No heuristic issues detected."
"picocli-shell-jline2/src/main/java9/module-info.java","good","100","31","31","0","0","0","0","No heuristic issues detected."
"picocli-shell-jline2/src/test/java/picocli/shell/jline2/example/CustomFactory.java","needs-review","76","29","29","1","1","2","2","Kotlin output still contains 6 Java syntax markers."
"picocli-shell-jline2/src/test/java/picocli/shell/jline2/example/Example.java","needs-review","70","113","113","6","6","14","16","Kotlin output still contains 30 Java syntax markers."
"picocli-shell-jline2/src/test/java/picocli/shell/jline2/example/InteractiveParameterConsumer.java","needs-review","76","32","32","1","1","2","2","Kotlin output still contains 6 Java syntax markers."
"picocli-shell-jline3/src/main/java/picocli/shell/jline3/PicocliCommands.java","needs-review","70","304","304","4","4","29","32","Kotlin output still contains 70 Java syntax markers."
"picocli-shell-jline3/src/main/java/picocli/shell/jline3/PicocliJLineCompleter.java","needs-review","70","58","58","1","1","4","4","Kotlin output still contains 10 Java syntax markers."
"picocli-shell-jline3/src/main/java/picocli/shell/jline3/package-info.java","good","100","4","4","0","0","0","0","No heuristic issues detected."
"picocli-shell-jline3/src/main/java9/module-info.java","good","100","32","32","0","0","0","0","No heuristic issues detected."
"picocli-shell-jline3/src/test/java/picocli/shell/jline3/example/Example.java","needs-review","70","175","175","6","6","20","22","Kotlin output still contains 38 Java syntax markers."
"picocli-spring-boot-starter/src/main/java/picocli/spring/PicocliSpringFactory.java","needs-review","70","60","60","1","1","5","5","Kotlin output still contains 10 Java syntax markers."
"picocli-spring-boot-starter/src/main/java/picocli/spring/boot/autoconfigure/PicocliAutoConfiguration.java","needs-review","80","28","28","1","1","4","4","Kotlin output still contains 5 Java syntax markers."
"picocli-spring-boot-starter/src/main/java/picocli/spring/boot/autoconfigure/package-info.java","good","100","42","42","0","0","0","0","No heuristic issues detected."
"picocli-spring-boot-starter/src/main/java/picocli/spring/package-info.java","good","100","14","14","0","0","0","0","No heuristic issues detected."
"picocli-spring-boot-starter/src/main/java9/module-info.java","good","100","34","34","0","0","0","0","No heuristic issues detected."
"picocli-spring-boot-starter/src/test/java/picocli/spring/PicocliSpringFactoryTest.java","poor","62","116","116","1","1","25","25","Kotlin output still contains 44 Java syntax markers.; Anonymous classes were present but no Kotlin lambda/object-expression signal was detected."
"picocli-spring-boot-starter/src/test/java/picocli/spring/boot/autoconfigure/PicocliAutoConfigurationTest.java","needs-review","70","100","100","6","6","11","11","Kotlin output still contains 27 Java syntax markers."
"picocli-spring-boot-starter/src/test/java/picocli/spring/boot/autoconfigure/example/test/ExampleTest.java","needs-review","70","54","54","1","1","4","4","Kotlin output still contains 9 Java syntax markers."
"picocli-spring-boot-starter/src/test/java/picocli/spring/boot/autoconfigure/sample/MyCommand.java","needs-review","70","52","52","3","3","5","5","Kotlin output still contains 16 Java syntax markers."
"picocli-spring-boot-starter/src/test/java/picocli/spring/boot/autoconfigure/sample/MySpringApp.java","needs-review","70","40","40","1","1","8","8","Kotlin output still contains 11 Java syntax markers."
"picocli-spring-boot-starter/src/test/java/picocli/spring/boot/autoconfigure/sample/ServiceDependency.java","good","92","6","6","1","1","1","1","Kotlin output still contains 2 Java syntax markers."
"picocli-spring-boot-starter/src/test/java/picocli/spring/boot/autoconfigure/sample/SomeService.java","needs-review","84","10","10","1","1","2","2","Kotlin output still contains 4 Java syntax markers."
"picocli-tests-java567/src/test/java/picocli/AutoCompleteSystemExitTest.java","poor","22","827","827","9","9","118","120","Kotlin output still contains 227 Java syntax markers.; Output contains 6 unresolved/error markers.; Anonymous classes were present but no Kotlin lambda/object-expression signal was detected."
"picocli-tests-java567/src/test/java/picocli/DefaultProviderEnvironmentTest.java","poor","62","415","415","21","21","72","72","Kotlin output still contains 132 Java syntax markers.; Anonymous classes were present but no Kotlin lambda/object-expression signal was detected."
"picocli-tests-java567/src/test/java/picocli/DefaultProviderEnvironmentTestBundle.java","good","88","14","14","1","1","1","1","Kotlin output still contains 3 Java syntax markers."
"picocli-tests-java567/src/test/java/picocli/ExecuteLegacyTest.java","poor","62","1004","1004","43","43","372","372","Kotlin output still contains 607 Java syntax markers.; Anonymous classes were present but no Kotlin lambda/object-expression signal was detected."
"picocli-tests-java567/src/test/java/picocli/HelpAnsiHeuristicsTest.java","needs-review","70","402","402","1","1","28","35","Kotlin output still contains 71 Java syntax markers."
"picocli-tests-java8/src/test/java/picocli/Issue2232.java","needs-review","70","24","24","2","2","7","7","Kotlin output still contains 11 Java syntax markers."
"picocli-tests-java8/src/test/java/picocli/Issue2270.java","needs-review","70","65","65","4","4","12","12","Kotlin output still contains 25 Java syntax markers."
"picocli-tests-java8/src/test/java/picocli/MapOptionsOptionalTest.java","poor","30","172","172","15","15","29","29","Kotlin output still contains 47 Java syntax markers.; Output contains 5 unresolved/error markers."
"picocli-tests-java8/src/test/java/picocli/OptionalTest.java","needs-review","70","81","81","4","4","12","12","Kotlin output still contains 20 Java syntax markers."
"picocli-tests-java9plus/src/test/java/picocli/AutoCompleteSystemExitTest.java","poor","30","884","884","9","9","95","97","Kotlin output still contains 200 Java syntax markers.; Output contains 6 unresolved/error markers."
"picocli-tests-java9plus/src/test/java/picocli/DefaultProviderTest.java","needs-review","70","436","436","21","21","69","69","Kotlin output still contains 142 Java syntax markers."
"picocli-tests-java9plus/src/test/java/picocli/DefaultProviderTestBundle.java","good","88","14","14","1","1","1","1","Kotlin output still contains 3 Java syntax markers."
"picocli-tests-java9plus/src/test/java/picocli/HelpAnsiHeuristicsTest.java","needs-review","70","707","707","1","1","25","27","Kotlin output still contains 99 Java syntax markers."
"picocli-tests-jpms-modules/app-it/src/main/java/module-info.java","good","96","6","6","0","0","0","0","Kotlin output still contains 1 Java syntax markers."
"picocli-tests-jpms-modules/app-it/src/test/java/picocli/test_jpms/modular_app/it/JpmsModularAppIntegrationTest.java","needs-review","70","52","52","1","1","4","4","Kotlin output still contains 13 Java syntax markers."
"picocli-tests-jpms-modules/app-it/src/test/java/picocli/test_jpms/modular_app/it/ResourceBundleTest.java","needs-review","70","29","29","1","1","5","5","Kotlin output still contains 15 Java syntax markers."
"picocli-tests-jpms-modules/app/src/main/java/module-info.java","good","96","10","10","0","0","0","0","Kotlin output still contains 1 Java syntax markers."
"picocli-tests-jpms-modules/app/src/main/java/picocli/test_jpms/modular_app/JpmsModularApp.java","needs-review","70","23","23","1","1","4","4","Kotlin output still contains 8 Java syntax markers."
"picocli-tests-jpms-modules/app/src/test/java/picocli/test_jpms/modular_app/JpmsModularAppTest.java","needs-review","70","51","51","1","1","4","4","Kotlin output still contains 13 Java syntax markers."
"src/main/java/picocli/AutoComplete.java","poor","22","957","957","13","13","120","123","Kotlin output still contains 277 Java syntax markers.; Output contains 5 unresolved/error markers.; Anonymous classes were present but no Kotlin lambda/object-expression signal was detected."
"src/main/java/picocli/CommandLine.java","poor","22","18104","18102","185","192","2769","2885","Kotlin output still contains 5525 Java syntax markers.; Output contains 4 unresolved/error markers.; Anonymous classes were present but no Kotlin lambda/object-expression signal was detected."
"src/main/java/picocli/package-info.java","good","100","28","28","0","0","0","0","No heuristic issues detected."
"src/main/java9/module-info.java","good","96","76","76","0","0","0","0","Kotlin output still contains 1 Java syntax markers."
"src/test/java/picocli/AbbreviationMatcherTest.java","needs-review","70","498","498","12","12","87","87","Kotlin output still contains 139 Java syntax markers."
"src/test/java/picocli/ArgGroupHelpRegressionTest.java","needs-review","70","99","99","8","8","21","21","Kotlin output still contains 29 Java syntax markers."
"src/test/java/picocli/ArgGroupParameterizedTest.java","needs-review","70","101","101","1","1","3","3","Kotlin output still contains 21 Java syntax markers."
"src/test/java/picocli/ArgGroupTest.java","poor","62","3797","3796","237","237","693","693","Kotlin output still contains 1082 Java syntax markers.; Anonymous classes were present but no Kotlin lambda/object-expression signal was detected."
"src/test/java/picocli/ArgSplitTest.java","needs-review","70","665","665","37","37","154","154","Kotlin output still contains 282 Java syntax markers."
"src/test/java/picocli/ArityTest.java","needs-review","70","1810","1810","95","95","372","372","Kotlin output still contains 688 Java syntax markers."
"src/test/java/picocli/AtFileTest.java","needs-review","70","710","710","30","30","104","104","Kotlin output still contains 254 Java syntax markers."
"src/test/java/picocli/AutoCompleteDejaGnuTest.java","poor","62","147","147","1","1","21","22","Kotlin output still contains 38 Java syntax markers.; Anonymous classes were present but no Kotlin lambda/object-expression signal was detected."
"src/test/java/picocli/AutoCompleteHyphenatedCommandTest.java","needs-review","70","55","55","4","4","11","11","Kotlin output still contains 27 Java syntax markers."
"src/test/java/picocli/AutoCompleteTest.java","needs-review","70","1170","1170","25","25","305","305","Kotlin output still contains 352 Java syntax markers."
"src/test/java/picocli/CJKLengthTest.java","needs-review","70","29","29","1","1","4","4","Kotlin output still contains 11 Java syntax markers."
"src/test/java/picocli/CaseAwareLinkedMapTest.java","needs-review","70","206","206","2","2","16","16","Kotlin output still contains 47 Java syntax markers."
"src/test/java/picocli/ColorSchemeTest.java","poor","62","240","240","3","3","41","42","Kotlin output still contains 109 Java syntax markers.; Anonymous classes were present but no Kotlin lambda/object-expression signal was detected."
"src/test/java/picocli/CommandAnnotationInheritedTest.java","needs-review","70","60","60","8","8","13","13","Kotlin output still contains 31 Java syntax markers."
"src/test/java/picocli/CommandAnnotationInheritedTest2.java","needs-review","70","28","28","4","4","5","5","Kotlin output still contains 12 Java syntax markers."
"src/test/java/picocli/CommandAnnotationMethodTest.java","needs-review","70","61","61","4","4","12","12","Kotlin output still contains 29 Java syntax markers."
"src/test/java/picocli/CommandLineTest.java","poor","62","3184","3184","182","182","809","810","Kotlin output still contains 1321 Java syntax markers.; Anonymous classes were present but no Kotlin lambda/object-expression signal was detected."
"src/test/java/picocli/CommandMethodTest.java","needs-review","70","978","978","32","32","193","202","Kotlin output still contains 382 Java syntax markers."
"src/test/java/picocli/CommandModelTransformersTest.java","needs-review","70","169","169","13","13","37","37","Kotlin output still contains 75 Java syntax markers."
"src/test/java/picocli/CommandUserObjectTest.java","needs-review","70","74","74","3","3","9","9","Kotlin output still contains 22 Java syntax markers."
"src/test/java/picocli/CompletionCandidatesTest.java","needs-review","70","227","227","14","14","39","39","Kotlin output still contains 67 Java syntax markers."
"src/test/java/picocli/CustomLayoutDemo.java","needs-review","70","239","239","5","5","27","27","Kotlin output still contains 48 Java syntax markers."
"src/test/java/picocli/DefaultProviderTest.java","poor","62","416","416","21","21","69","69","Kotlin output still contains 134 Java syntax markers.; Anonymous classes were present but no Kotlin lambda/object-expression signal was detected."
"src/test/java/picocli/DefaultProviderTestBundle.java","good","88","14","14","1","1","1","1","Kotlin output still contains 3 Java syntax markers."
"src/test/java/picocli/Demo.java","needs-review","70","692","692","21","23","70","71","Kotlin output still contains 269 Java syntax markers."
"src/test/java/picocli/EndOfOptionsDelimiterTest.java","needs-review","70","321","321","17","17","47","47","Kotlin output still contains 84 Java syntax markers."
"src/test/java/picocli/ExecuteTest.java","poor","42","1459","1459","60","60","432","436","Kotlin output still contains 643 Java syntax markers.; Output contains 2 unresolved/error markers.; Anonymous classes were present but no Kotlin lambda/object-expression signal was detected."
"src/test/java/picocli/FallbackTest.java","needs-review","70","234","234","9","9","54","54","Kotlin output still contains 98 Java syntax markers."
"src/test/java/picocli/GenericTest.java","needs-review","70","115","115","10","10","20","20","Kotlin output still contains 37 Java syntax markers."
"src/test/java/picocli/HelpAnsiTest.java","needs-review","70","642","642","18","18","194","199","Kotlin output still contains 306 Java syntax markers."
"src/test/java/picocli/HelpSubCommandTest.java","needs-review","70","453","453","33","33","141","141","Kotlin output still contains 212 Java syntax markers."
"src/test/java/picocli/HelpTest.java","poor","52","4765","4765","212","212","846","847","Kotlin output still contains 1316 Java syntax markers.; Output contains 1 unresolved/error markers.; Anonymous classes were present but no Kotlin lambda/object-expression signal was detected."
"src/test/java/picocli/I18nCommand.java","good","88","40","40","1","1","2","2","Kotlin output still contains 3 Java syntax markers."
"src/test/java/picocli/I18nSubclass.java","good","96","20","20","1","1","0","0","Kotlin output still contains 1 Java syntax markers."
"src/test/java/picocli/I18nSubclass2.java","good","96","21","21","1","1","0","0","Kotlin output still contains 1 Java syntax markers."
"src/test/java/picocli/I18nSubcommand.java","good","96","28","28","1","1","0","0","Kotlin output still contains 1 Java syntax markers."
"src/test/java/picocli/I18nSubcommand2.java","good","96","25","25","1","1","0","0","Kotlin output still contains 1 Java syntax markers."
"src/test/java/picocli/I18nSuperclass.java","good","96","32","32","1","1","0","0","Kotlin output still contains 1 Java syntax markers."
"src/test/java/picocli/I18nTest.java","needs-review","70","733","733","19","19","85","85","Kotlin output still contains 114 Java syntax markers."
"src/test/java/picocli/InheritedOptionTest.java","needs-review","70","499","499","21","21","106","106","Kotlin output still contains 174 Java syntax markers."
"src/test/java/picocli/InnerClassFactory.java","needs-review","72","66","66","1","1","3","3","Kotlin output still contains 7 Java syntax markers."
"src/test/java/picocli/InteractiveArgTest.java","needs-review","70","941","941","40","40","224","225","Kotlin output still contains 276 Java syntax markers."
"src/test/java/picocli/InterpolatedModelTest.java","needs-review","70","310","310","11","11","40","40","Kotlin output still contains 81 Java syntax markers."
"src/test/java/picocli/InterpolatorTest.java","poor","62","247","247","5","5","54","54","Kotlin output still contains 84 Java syntax markers.; Anonymous classes were present but no Kotlin lambda/object-expression signal was detected."
"src/test/java/picocli/Issue1125_1538_OptionNameOrSubcommandAsOptionValue.java","needs-review","70","126","126","3","3","24","24","Kotlin output still contains 35 Java syntax markers."
"src/test/java/picocli/Issue1225UnmatchedArgBadIndex.java","needs-review","70","53","53","2","2","17","17","Kotlin output still contains 29 Java syntax markers."
"src/test/java/picocli/Issue1309.java","needs-review","70","46","46","2","2","11","11","Kotlin output still contains 18 Java syntax markers."
"src/test/java/picocli/Issue1320.java","needs-review","70","67","67","2","2","11","11","Kotlin output still contains 27 Java syntax markers."
"src/test/java/picocli/Issue1351.java","needs-review","70","66","66","5","5","11","13","Kotlin output still contains 22 Java syntax markers."
"src/test/java/picocli/Issue1383MultipleArgumentsTest.java","poor","40","94","94","4","4","8","8","Kotlin output still contains 27 Java syntax markers.; Output contains 3 unresolved/error markers."
"src/test/java/picocli/Issue1528.java","needs-review","70","60","60","3","3","5","5","Kotlin output still contains 14 Java syntax markers."
"src/test/java/picocli/Issue1531ResetOptionMethods.java","needs-review","70","47","47","2","2","6","6","Kotlin output still contains 15 Java syntax markers."
"src/test/java/picocli/Issue1536ResetOptionInGroup.java","needs-review","70","61","61","4","4","6","6","Kotlin output still contains 13 Java syntax markers."
"src/test/java/picocli/Issue1549ArgGroupParamConsumer.java","needs-review","70","38","38","4","4","4","4","Kotlin output still contains 11 Java syntax markers."
"src/test/java/picocli/Issue1565HideParamOnUnknownOption.java","needs-review","70","154","154","4","4","26","26","Kotlin output still contains 37 Java syntax markers."
"src/test/java/picocli/Issue1741.java","needs-review","70","38","38","4","4","9","9","Kotlin output still contains 17 Java syntax markers."
"src/test/java/picocli/Issue1767.java","needs-review","70","32","32","3","3","6","6","Kotlin output still contains 16 Java syntax markers."
"src/test/java/picocli/Issue1772.java","needs-review","70","35","35","3","3","6","6","Kotlin output still contains 15 Java syntax markers."
"src/test/java/picocli/Issue1774.java","needs-review","70","33","33","3","3","6","6","Kotlin output still contains 12 Java syntax markers."
"src/test/java/picocli/Issue1815Group.java","needs-review","70","71","71","4","4","11","11","Kotlin output still contains 23 Java syntax markers."
"src/test/java/picocli/Issue1880.java","needs-review","70","48","48","2","2","16","16","Kotlin output still contains 26 Java syntax markers."
"src/test/java/picocli/Issue2029.java","needs-review","70","43","43","2","2","7","7","Kotlin output still contains 17 Java syntax markers."
"src/test/java/picocli/Issue2058DefaultValForParamConsumer.java","needs-review","70","87","87","6","6","18","18","Kotlin output still contains 35 Java syntax markers."
"src/test/java/picocli/Issue2149.java","needs-review","70","80","80","5","5","13","15","Kotlin output still contains 27 Java syntax markers."
"src/test/java/picocli/Issue2228.java","poor","62","47","47","3","3","6","6","Kotlin output still contains 19 Java syntax markers.; Anonymous classes were present but no Kotlin lambda/object-expression signal was detected."
"src/test/java/picocli/Issue2292.java","poor","62","34","34","3","3","5","5","Kotlin output still contains 10 Java syntax markers.; Anonymous classes were present but no Kotlin lambda/object-expression signal was detected."
"src/test/java/picocli/Issue2309.java","needs-review","72","39","39","4","4","3","3","Kotlin output still contains 7 Java syntax markers."
"src/test/java/picocli/Issue2341.java","needs-review","70","33","33","4","4","5","5","Kotlin output still contains 13 Java syntax markers."
"src/test/java/picocli/Issue2342.java","needs-review","70","232","232","3","3","28","28","Kotlin output still contains 65 Java syntax markers."
"src/test/java/picocli/Issue2349.java","needs-review","70","68","68","4","4","8","9","Kotlin output still contains 31 Java syntax markers."
"src/test/java/picocli/Issue2380.java","needs-review","70","38","38","2","2","5","5","Kotlin output still contains 12 Java syntax markers."
"src/test/java/picocli/Issue776ArgGroupsIgnoredInMixinTest.java","needs-review","70","65","65","5","5","8","8","Kotlin output still contains 26 Java syntax markers."
"src/test/java/picocli/Issue779ExceptionWhenNestedGroupInMixin.java","needs-review","70","71","71","6","6","9","9","Kotlin output still contains 31 Java syntax markers."
"src/test/java/picocli/Issue787SubclassSubcommandStackOverflow.java","needs-review","70","85","85","8","8","21","21","Kotlin output still contains 35 Java syntax markers."
"src/test/java/picocli/LenientParsingTest.java","needs-review","70","316","316","12","12","61","61","Kotlin output still contains 104 Java syntax markers."
"src/test/java/picocli/MapOptionsTest.java","needs-review","70","191","191","17","17","35","35","Kotlin output still contains 53 Java syntax markers."
"src/test/java/picocli/MixinTest.java","poor","62","955","955","80","80","182","182","Kotlin output still contains 330 Java syntax markers.; Anonymous classes were present but no Kotlin lambda/object-expression signal was detected."
"src/test/java/picocli/ModelArgGroupSpecTest.java","poor","62","85","85","1","1","31","31","Kotlin output still contains 63 Java syntax markers.; Anonymous classes were present but no Kotlin lambda/object-expression signal was detected."
"src/test/java/picocli/ModelArgSpecTest.java","poor","62","406","406","4","4","114","115","Kotlin output still contains 251 Java syntax markers.; Anonymous classes were present but no Kotlin lambda/object-expression signal was detected."
"src/test/java/picocli/ModelCommandReflectionTest.java","poor","62","271","271","13","13","31","31","Kotlin output still contains 89 Java syntax markers.; Anonymous classes were present but no Kotlin lambda/object-expression signal was detected."
"src/test/java/picocli/ModelCommandSpecTest.java","poor","52","1255","1255","17","17","224","224","Kotlin output still contains 388 Java syntax markers.; Output contains 1 unresolved/error markers.; Anonymous classes were present but no Kotlin lambda/object-expression signal was detected."
"src/test/java/picocli/ModelFieldBindingTest.java","needs-review","70","54","54","1","1","14","14","Kotlin output still contains 27 Java syntax markers."
"src/test/java/picocli/ModelMessagesTest.java","poor","62","74","74","1","1","26","26","Kotlin output still contains 42 Java syntax markers.; Anonymous classes were present but no Kotlin lambda/object-expression signal was detected."
"src/test/java/picocli/ModelMethodBindingBean.java","needs-review","80","13","13","1","1","3","3","Kotlin output still contains 5 Java syntax markers."
"src/test/java/picocli/ModelMethodBindingTest.java","needs-review","70","145","145","1","1","41","45","Kotlin output still contains 70 Java syntax markers."
"src/test/java/picocli/ModelOptionSpecTest.java","poor","62","396","396","3","3","56","56","Kotlin output still contains 120 Java syntax markers.; Anonymous classes were present but no Kotlin lambda/object-expression signal was detected."
"src/test/java/picocli/ModelParseResultTest.java","needs-review","70","621","621","33","33","106","106","Kotlin output still contains 161 Java syntax markers."
"src/test/java/picocli/ModelPositionalParamSpecTest.java","poor","62","302","302","4","4","49","49","Kotlin output still contains 98 Java syntax markers.; Anonymous classes were present but no Kotlin lambda/object-expression signal was detected."
"src/test/java/picocli/ModelRuntimeInfoTest.java","needs-review","70","49","49","2","2","7","7","Kotlin output still contains 36 Java syntax markers."
"src/test/java/picocli/ModelTransformerTest.java","needs-review","70","42","42","4","4","8","8","Kotlin output still contains 16 Java syntax markers."
"src/test/java/picocli/ModelTypedMemberTest.java","needs-review","70","54","54","4","4","9","9","Kotlin output still contains 25 Java syntax markers."
"src/test/java/picocli/ModelUnmatchedArgsBindingTest.java","needs-review","70","141","141","7","7","31","31","Kotlin output still contains 49 Java syntax markers."
"src/test/java/picocli/ModelUsageMessageSpecTest.java","needs-review","70","263","263","5","5","46","46","Kotlin output still contains 73 Java syntax markers."
"src/test/java/picocli/NegatableOptionTest.java","needs-review","70","555","555","26","26","87","88","Kotlin output still contains 130 Java syntax markers."
"src/test/java/picocli/OptionMethodImplTest.java","needs-review","70","371","371","9","9","89","89","Kotlin output still contains 179 Java syntax markers."
"src/test/java/picocli/OptionMethodSpecTest.java","needs-review","70","384","384","10","10","76","76","Kotlin output still contains 56 Java syntax markers."
"src/test/java/picocli/OrderedArgGroupSynopsisTest.java","needs-review","70","42","42","4","4","4","4","Kotlin output still contains 11 Java syntax markers."
"src/test/java/picocli/OrderedOptionsTest.java","needs-review","70","57","57","2","2","6","6","Kotlin output still contains 13 Java syntax markers."
"src/test/java/picocli/OrderedSynopsisTest.java","needs-review","70","45","45","2","2","5","5","Kotlin output still contains 14 Java syntax markers."
"src/test/java/picocli/ParameterConsumerTest.java","needs-review","70","126","126","9","9","19","19","Kotlin output still contains 50 Java syntax markers."
"src/test/java/picocli/ParameterPreprocessorTest.java","needs-review","70","169","169","9","9","31","31","Kotlin output still contains 60 Java syntax markers."
"src/test/java/picocli/ParentCommandTest.java","needs-review","70","119","119","7","7","24","25","Kotlin output still contains 49 Java syntax markers."
"src/test/java/picocli/PropertiesDefaultProviderTest.java","needs-review","70","237","237","6","6","49","49","Kotlin output still contains 78 Java syntax markers."
"src/test/java/picocli/RangeTest.java","needs-review","70","541","541","19","19","43","43","Kotlin output still contains 108 Java syntax markers."
"src/test/java/picocli/RepeatableSubcommandsTest.java","poor","62","800","800","21","21","114","114","Kotlin output still contains 223 Java syntax markers.; Anonymous classes were present but no Kotlin lambda/object-expression signal was detected."
"src/test/java/picocli/ResourceBundlePropagationTest.java","needs-review","70","44","44","5","5","5","5","Kotlin output still contains 10 Java syntax markers."
"src/test/java/picocli/Size.java","poor","62","146","146","1","1","26","27","Kotlin output still contains 52 Java syntax markers.; Anonymous classes were present but no Kotlin lambda/object-expression signal was detected."
"src/test/java/picocli/SplitSynopsisLabelTest.java","needs-review","70","59","59","4","4","11","11","Kotlin output still contains 19 Java syntax markers."
"src/test/java/picocli/StringPrintStream.java","needs-review","70","33","33","1","1","7","7","Kotlin output still contains 11 Java syntax markers."
"src/test/java/picocli/SubcommandTests.java","poor","62","2764","2764","125","125","517","525","Kotlin output still contains 741 Java syntax markers.; Anonymous classes were present but no Kotlin lambda/object-expression signal was detected."
"src/test/java/picocli/TestUtil.java","needs-review","70","217","217","1","1","39","43","Kotlin output still contains 93 Java syntax markers."
"src/test/java/picocli/TextTableTest.java","needs-review","70","53","53","1","1","7","7","Kotlin output still contains 19 Java syntax markers."
"src/test/java/picocli/TracerTest.java","needs-review","70","429","429","15","15","29","29","Kotlin output still contains 50 Java syntax markers."
"src/test/java/picocli/TypeConversionTest.java","poor","62","1265","1265","49","49","236","237","Kotlin output still contains 422 Java syntax markers.; Anonymous classes were present but no Kotlin lambda/object-expression signal was detected."
"src/test/java/picocli/UnmatchedArgumentExceptionTest.java","poor","62","212","212","4","4","81","81","Kotlin output still contains 121 Java syntax markers.; Anonymous classes were present but no Kotlin lambda/object-expression signal was detected."
"src/test/java/picocli/UnmatchedOptionTest.java","needs-review","70","503","503","37","37","150","150","Kotlin output still contains 220 Java syntax markers."
"src/test/java/picocli/VersionProviderTest.java","poor","62","274","274","21","21","85","85","Kotlin output still contains 134 Java syntax markers.; Anonymous classes were present but no Kotlin lambda/object-expression signal was detected."
"src/test/java/picocli/WindowsJansiDemo.java","needs-review","72","29","29","1","1","3","3","Kotlin output still contains 7 Java syntax markers."
"src/test/java/picocli/test/CommandLineExecution.java","needs-review","70","67","67","1","1","17","18","Kotlin output still contains 27 Java syntax markers."
"src/test/java/picocli/test/Execution.java","needs-review","70","86","86","2","2","30","30","Kotlin output still contains 44 Java syntax markers."
"src/test/java/picocli/test/ProcessExecution.java","needs-review","70","60","60","1","1","15","15","Kotlin output still contains 22 Java syntax markers."
"src/test/java/picocli/test/Supplier.java","good","96","4","4","1","1","0","0","Kotlin output still contains 1 Java syntax markers."
