file,status,score,suspiciousness,java_lines,kotlin_lines,java_classes,kotlin_classes,java_interfaces,kotlin_interfaces,java_enums,kotlin_enums,java_methods,kotlin_functions,java_annotations,kotlin_annotations,kotlin_java_only_markers,kotlin_todo_error_unsupported_markers,java_anonymous_classes,kotlin_anonymous_signals,findings
"picocli-codegen-tests-java9plus/src/main/java/picocli/annotation/processing/tests/AnnotatedCommandSourceGenerator.java","poor","29","71","832","929","2","2","0","0","0","0","92","121","9","10","45","3","0","0","Kotlin output still contains 45 Java-only syntax markers.; Output contains 3 TODO/ERROR/UnsupportedOperationException markers."
"picocli-codegen-tests-java9plus/src/main/java/picocli/annotation/processing/tests/AnnotatedCommandSourceGeneratorProcessor.java","poor","64","36","137","159","2","2","0","0","0","0","14","19","1","2","6","1","0","0","Kotlin output still contains 6 Java-only syntax markers.; Output contains 1 TODO/ERROR/UnsupportedOperationException markers."
"picocli-codegen-tests-java9plus/src/main/java/picocli/annotation/processing/tests/CommandSpec2YamlProcessor.java","good","96","4","30","28","1","1","0","0","0","0","4","2","1","1","1","0","0","0","Kotlin output still contains 1 Java-only syntax markers."
"picocli-codegen-tests-java9plus/src/main/java/picocli/annotation/processing/tests/CommandSpecYamlPrinter.java","needs-review","65","35","223","229","2","2","0","0","0","0","30","44","2","3","16","0","1","1","Kotlin output still contains 16 Java-only syntax markers."
"picocli-codegen-tests-java9plus/src/main/java/picocli/annotation/processing/tests/Resources.java","good","92","8","37","38","1","0","0","0","0","0","8","10","0","0","0","0","0","0","Class/interface/enum/record declaration count dropped by 1."
"picocli-codegen-tests-java9plus/src/main/java/picocli/annotation/processing/tests/TypeImporter.java","poor","34","66","348","347","3","3","0","0","0","0","28","15","2","2","6","1","0","0","Method-like declaration count dropped by 13.; Kotlin output still contains 6 Java-only syntax markers.; Output contains 1 TODO/ERROR/UnsupportedOperationException markers."
"picocli-codegen-tests-java9plus/src/test/java/picocli/Issue1380Test.java","poor","62","38","72","60","4","4","0","0","0","0","10","4","9","11","5","0","0","0","Method-like declaration count dropped by 6.; Kotlin output still contains 5 Java-only syntax markers."
"picocli-codegen-tests-java9plus/src/test/java/picocli/Issue1420Test.java","needs-review","72","28","46","37","3","3","0","0","0","0","6","2","6","7","4","0","0","0","Method-like declaration count dropped by 4.; Kotlin output still contains 4 Java-only syntax markers."
"picocli-codegen-tests-java9plus/src/test/java/picocli/annotation/processing/tests/AbstractCommandSpecProcessorTest.java","poor","64","36","266","264","1","1","1","1","0","0","26","35","58","73","3","2","0","0","Kotlin output still contains 3 Java-only syntax markers.; Output contains 2 TODO/ERROR/UnsupportedOperationException markers."
"picocli-codegen-tests-java9plus/src/test/java/picocli/annotation/processing/tests/AnnotatedCommandSourceGeneratorProcessorTest.java","good","88","12","79","79","1","1","0","0","0","0","8","8","6","14","0","1","0","0","Output contains 1 TODO/ERROR/UnsupportedOperationException markers."
"picocli-codegen-tests-java9plus/src/test/java/picocli/annotation/processing/tests/AnnotatedCommandSourceGeneratorTest.java","good","100","0","16","16","1","1","0","0","0","0","2","2","2","3","0","0","0","0","No heuristic issues detected."
"picocli-codegen-tests-java9plus/src/test/java/picocli/annotation/processing/tests/Example.java","good","92","8","78","75","2","2","0","0","0","0","9","12","15","16","2","0","0","0","Kotlin output still contains 2 Java-only syntax markers."
"picocli-codegen-tests-java9plus/src/test/java/picocli/annotation/processing/tests/Issue1134Test.java","good","96","4","33","32","1","1","0","0","0","0","4","6","2","4","1","0","0","0","Kotlin output still contains 1 Java-only syntax markers."
"picocli-codegen-tests-java9plus/src/test/java/picocli/annotation/processing/tests/Issue1137Test.java","good","96","4","33","32","1","1","0","0","0","0","4","6","2","4","1","0","0","0","Kotlin output still contains 1 Java-only syntax markers."
"picocli-codegen-tests-java9plus/src/test/java/picocli/annotation/processing/tests/Issue1151Test.java","good","100","0","42","40","1","1","0","0","0","0","4","4","2","4","0","0","0","0","No heuristic issues detected."
"picocli-codegen-tests-java9plus/src/test/java/picocli/annotation/processing/tests/Issue1316Test.java","good","100","0","19","18","1","1","0","0","0","0","2","2","1","2","0","0","0","0","No heuristic issues detected."
"picocli-codegen-tests-java9plus/src/test/java/picocli/annotation/processing/tests/Issue1319Test.java","good","100","0","19","18","1","1","0","0","0","0","2","2","1","2","0","0","0","0","No heuristic issues detected."
"picocli-codegen-tests-java9plus/src/test/java/picocli/annotation/processing/tests/Issue1440Test.java","good","100","0","23","22","1","1","0","0","0","0","2","2","1","2","0","0","0","0","No heuristic issues detected."
"picocli-codegen-tests-java9plus/src/test/java/picocli/annotation/processing/tests/Issue1444Test.java","good","100","0","62","59","1","1","0","0","0","0","6","6","4","7","0","0","0","0","No heuristic issues detected."
"picocli-codegen-tests-java9plus/src/test/java/picocli/annotation/processing/tests/Issue1713Test.java","good","100","0","21","19","1","1","0","0","0","0","2","2","1","2","0","0","0","0","No heuristic issues detected."
"picocli-codegen-tests-java9plus/src/test/java/picocli/annotation/processing/tests/Issue2344Test.java","good","100","0","21","19","1","1","0","0","0","0","2","2","1","2","0","0","0","0","No heuristic issues detected."
"picocli-codegen-tests-java9plus/src/test/java/picocli/annotation/processing/tests/Issue2407Test.java","good","88","12","28","26","1","1","0","0","0","0","2","2","2","3","0","1","0","0","Output contains 1 TODO/ERROR/UnsupportedOperationException markers."
"picocli-codegen-tests-java9plus/src/test/java/picocli/annotation/processing/tests/Issue769Test.java","good","100","0","44","43","1","1","0","0","0","0","4","4","2","5","0","0","0","0","No heuristic issues detected."
"picocli-codegen-tests-java9plus/src/test/java/picocli/annotation/processing/tests/Issue777Test.java","good","88","12","59","59","1","1","0","0","0","0","2","4","2","4","0","1","0","0","Output contains 1 TODO/ERROR/UnsupportedOperationException markers."
"picocli-codegen-tests-java9plus/src/test/java/picocli/annotation/processing/tests/MixeeTest.java","good","92","8","89","85","2","2","0","0","0","0","4","6","2","3","2","0","0","3","Kotlin output still contains 2 Java-only syntax markers."
"picocli-codegen-tests-java9plus/src/test/java/picocli/annotation/processing/tests/TypeImporterTest.java","needs-review","65","35","60","55","1","1","0","0","0","0","6","6","3","6","18","0","0","0","Kotlin output still contains 18 Java-only syntax markers."
"picocli-codegen-tests-java9plus/src/test/java/picocli/annotation/processing/tests/YamlAssert.java","needs-review","76","24","133","157","1","0","0","0","0","0","20","23","0","3","4","0","0","0","Class/interface/enum/record declaration count dropped by 1.; Kotlin output still contains 4 Java-only syntax markers."
"picocli-codegen-tests-java9plus/src/test/java/picocli/codegen/aot/graalvm/processor/NativeImageConfigGeneratorProcessorTest.java","good","88","12","344","310","1","1","0","0","0","0","38","42","18","36","3","0","0","3","Kotlin output still contains 3 Java-only syntax markers."
"picocli-codegen-tests-java9plus/src/test/java/picocli/terminal/Size.java","poor","50","50","295","363","1","1","0","0","0","0","47","42","21","29","9","0","10","10","Method-like declaration count dropped by 5.; Kotlin output still contains 9 Java-only syntax markers."
"picocli-codegen-tests-java9plus/src/test/resources/FileList.java","needs-review","68","32","58","60","1","3","0","0","2","2","5","6","6","7","8","0","0","7","Kotlin output still contains 8 Java-only syntax markers."
"picocli-codegen-tests-java9plus/src/test/resources/generated/picocli/codegen/aot/graalvm/Example.java","poor","64","36","41","36","2","2","0","0","0","0","3","6","11","11","0","3","0","0","Output contains 3 TODO/ERROR/UnsupportedOperationException markers."
"picocli-codegen-tests-java9plus/src/test/resources/generated/picocli/examples/PopulateFlagsMain.java","needs-review","84","16","14","14","2","2","0","0","0","0","0","0","4","4","4","0","0","0","Kotlin output still contains 4 Java-only syntax markers."
"picocli-codegen-tests-java9plus/src/test/resources/generated/picocli/issue769/MyMixin.java","good","100","0","8","8","1","1","0","0","0","0","0","0","2","2","0","0","0","0","No heuristic issues detected."
"picocli-codegen-tests-java9plus/src/test/resources/generated/picocli/issue769/SubCommand.java","good","100","0","8","8","1","1","0","0","0","0","0","0","2","2","0","0","0","0","No heuristic issues detected."
"picocli-codegen-tests-java9plus/src/test/resources/picocli/codegen/aot/graalvm/Example.java","good","92","8","62","65","2","2","0","0","0","0","8","12","13","14","2","0","0","0","Kotlin output still contains 2 Java-only syntax markers."
"picocli-codegen-tests-java9plus/src/test/resources/picocli/codegen/graalvm/example/ExampleFull.java","good","88","12","122","120","1","1","0","0","0","0","11","14","25","27","3","0","0","0","Kotlin output still contains 3 Java-only syntax markers."
"picocli-codegen-tests-java9plus/src/test/resources/picocli/codegen/graalvm/example/ExampleInterface.java","needs-review","84","16","62","60","1","0","1","1","0","0","11","18","6","7","2","0","1","1","Class/interface/enum/record declaration count dropped by 1.; Kotlin output still contains 2 Java-only syntax markers."
"picocli-codegen-tests-java9plus/src/test/resources/picocli/examples/PopulateFlagsMain.java","needs-review","67","33","113","58","2","1","0","0","0","0","5","2","3","3","1","1","0","0","Class/interface/enum/record declaration count dropped by 1.; Method-like declaration count dropped by 3.; Kotlin output still contains 1 Java-only syntax markers.; Output contains 1 TODO/ERROR/UnsupportedOperationException markers."
"picocli-codegen-tests-java9plus/src/test/resources/picocli/examples/annotatedmethods/AnnotatedClassMethodOptions.java","good","100","0","97","173","5","5","0","0","0","0","38","76","38","38","0","0","0","0","No heuristic issues detected."
"picocli-codegen-tests-java9plus/src/test/resources/picocli/examples/annotatedmethods/AnnotatedInterfaceMethodOptions.java","good","100","0","98","95","1","1","4","4","0","0","38","64","38","38","0","0","0","0","No heuristic issues detected."
"picocli-codegen-tests-java9plus/src/test/resources/picocli/examples/annotatedmethods/InvalidAnnotatedInterfaceMethodOptions.java","good","100","0","26","27","1","1","2","2","0","0","0","0","3","3","0","0","0","0","No heuristic issues detected."
"picocli-codegen-tests-java9plus/src/test/resources/picocli/examples/logging/LoggingMixin.java","poor","60","40","160","101","1","1","1","1","0","0","8","14","2","3","4","2","0","4","Kotlin output still contains 4 Java-only syntax markers.; Output contains 2 TODO/ERROR/UnsupportedOperationException markers."
"picocli-codegen-tests-java9plus/src/test/resources/picocli/examples/logging/LoggingSub.java","good","96","4","29","31","1","1","0","0","0","0","2","4","6","7","1","0","0","0","Kotlin output still contains 1 Java-only syntax markers."
"picocli-codegen-tests-java9plus/src/test/resources/picocli/examples/logging/LoggingSubSub.java","good","96","4","29","31","1","1","0","0","0","0","2","4","6","7","1","0","0","0","Kotlin output still contains 1 Java-only syntax markers."
"picocli-codegen-tests-java9plus/src/test/resources/picocli/examples/logging/MyApp.java","good","96","4","57","35","1","1","0","0","0","0","5","4","5","6","1","0","0","0","Kotlin output still contains 1 Java-only syntax markers."
"picocli-codegen-tests-java9plus/src/test/resources/picocli/examples/messages/CommandWithBundle.java","good","100","0","5","4","1","1","0","0","0","0","0","0","1","1","0","0","0","0","No heuristic issues detected."
"picocli-codegen-tests-java9plus/src/test/resources/picocli/examples/messages/CommandWithBundle2.java","good","100","0","6","4","1","1","0","0","0","0","0","0","1","1","0","0","0","0","No heuristic issues detected."
"picocli-codegen-tests-java9plus/src/test/resources/picocli/examples/mixin/CommandWithMixin.java","good","100","0","23","25","1","1","0","0","0","0","5","4","7","7","0","0","0","0","No heuristic issues detected."
"picocli-codegen-tests-java9plus/src/test/resources/picocli/examples/mixin/CommonOption.java","good","100","0","8","8","1","1","0","0","0","0","0","0","2","2","0","0","0","0","No heuristic issues detected."
"picocli-codegen-tests-java9plus/src/test/resources/picocli/examples/subcommands/ParentCommandDemo.java","needs-review","76","24","51","58","3","2","0","0","0","0","7","8","5","7","4","0","0","0","Class/interface/enum/record declaration count dropped by 1.; Kotlin output still contains 4 Java-only syntax markers."
"picocli-codegen-tests-java9plus/src/test/resources/picocli/examples/validation/Invalid.java","good","100","0","69","69","3","3","0","0","0","0","0","0","35","35","0","0","0","0","No heuristic issues detected."
"picocli-codegen-tests-java9plus/src/test/resources/picocli/examples/validation/Invalid2.java","good","100","0","6","6","1","1","0","0","0","0","0","0","1","1","0","0","0","0","No heuristic issues detected."
"picocli-codegen-tests-java9plus/src/test/resources/picocli/examples/validation/Invalid3.java","good","100","0","7","6","1","1","0","0","0","0","1","2","1","2","0","0","0","0","No heuristic issues detected."
"picocli-codegen-tests-java9plus/src/test/resources/picocli/examples/validation/Invalid4.java","good","100","0","16","16","1","1","0","0","0","0","0","0","5","5","0","0","0","0","No heuristic issues detected."
"picocli-codegen-tests-java9plus/src/test/resources/picocli/examples/validation/InvalidFinal.java","needs-review","65","35","82","82","1","1","0","0","0","0","0","0","37","37","36","0","0","0","Kotlin output still contains 36 Java-only syntax markers."
"picocli-codegen-tests-java9plus/src/test/resources/picocli/examples/validation/InvalidSplit.java","good","100","0","10","10","1","1","0","0","0","0","0","0","2","2","0","0","0","0","No heuristic issues detected."
"picocli-codegen-tests-java9plus/src/test/resources/picocli/issue1134/Issue1134.java","good","96","4","23","22","2","2","0","0","0","0","1","1","4","4","1","0","0","0","Kotlin output still contains 1 Java-only syntax markers."
"picocli-codegen-tests-java9plus/src/test/resources/picocli/issue1137/Issue1137.java","good","96","4","32","23","2","2","0","0","0","0","2","2","4","5","1","0","0","0","Kotlin output still contains 1 Java-only syntax markers."
"picocli-codegen-tests-java9plus/src/test/resources/picocli/issue1151/Issue1151CommandWithManPageGeneratorSubcommand.java","good","96","4","15","15","1","1","0","0","0","0","4","4","2","3","1","0","0","0","Kotlin output still contains 1 Java-only syntax markers."
"picocli-codegen-tests-java9plus/src/test/resources/picocli/issue1316/Example.java","good","100","0","11","5","1","1","0","0","0","0","0","0","1","1","0","0","0","0","No heuristic issues detected."
"picocli-codegen-tests-java9plus/src/test/resources/picocli/issue1319/InheritHelpApp.java","good","100","0","13","10","1","1","0","0","0","0","1","2","3","3","0","0","0","0","No heuristic issues detected."
"picocli-codegen-tests-java9plus/src/test/resources/picocli/issue1440inheritedoptions/Command1.java","good","100","0","15","12","1","1","0","0","0","0","0","0","3","3","0","0","0","0","No heuristic issues detected."
"picocli-codegen-tests-java9plus/src/test/resources/picocli/issue1440inheritedoptions/Command2.java","good","100","0","15","12","1","1","0","0","0","0","0","0","3","3","0","0","0","0","No heuristic issues detected."
"picocli-codegen-tests-java9plus/src/test/resources/picocli/issue1444super/AbstractCommand.java","good","88","12","15","15","2","2","0","0","0","0","1","2","2","3","3","0","0","0","Kotlin output still contains 3 Java-only syntax markers."
"picocli-codegen-tests-java9plus/src/test/resources/picocli/issue1444super/ConcreteCommand.java","good","88","12","14","14","2","2","0","0","0","0","0","0","3","3","3","0","0","0","Kotlin output still contains 3 Java-only syntax markers."
"picocli-codegen-tests-java9plus/src/test/resources/picocli/issue1713/Command.java","good","100","0","16","13","1","1","0","0","0","0","0","0","3","3","0","0","0","0","No heuristic issues detected."
"picocli-codegen-tests-java9plus/src/test/resources/picocli/issue2344/Application.java","good","96","4","38","33","3","3","0","0","0","0","6","4","7","8","1","0","0","0","Kotlin output still contains 1 Java-only syntax markers."
"picocli-codegen-tests-java9plus/src/test/resources/picocli/issue2407/Main.java","good","100","0","23","23","4","4","0","0","0","0","0","0","7","7","0","0","0","0","No heuristic issues detected."
"picocli-codegen-tests-java9plus/src/test/resources/picocli/issue769/MyMixin.java","good","100","0","14","13","3","3","0","0","0","0","0","0","4","4","0","0","0","0","No heuristic issues detected."
"picocli-codegen-tests-java9plus/src/test/resources/picocli/issue777/CompositeGroupDemo.java","good","100","0","41","39","7","7","0","0","0","0","0","0","17","17","0","0","0","0","No heuristic issues detected."
"picocli-codegen-tests-java9plus/src/test/resources/picocli/issue777/MutuallyExclusiveOptionsDemo.java","good","100","0","12","12","2","2","0","0","0","0","0","0","5","5","0","0","0","0","No heuristic issues detected."
"picocli-codegen-tests-java9plus/src/test/resources/picocli/issue793/Issue793.java","good","100","0","32","32","5","5","0","0","0","0","1","2","13","13","0","0","0","0","No heuristic issues detected."
"picocli-codegen-tests-java9plus/src/test/resources/picocli/issue803/Issue803.java","good","92","8","31","38","5","5","0","0","0","0","5","10","6","7","2","0","0","0","Kotlin output still contains 2 Java-only syntax markers."
"picocli-codegen-tests-java9plus/src/test/resources/picocli/issue850missingmixin/App.java","good","100","0","48","52","1","1","0","0","0","0","5","6","5","5","0","0","0","0","No heuristic issues detected."
"picocli-codegen-tests-java9plus/src/test/resources/picocli/issue850missingmixin/InitCommand.java","needs-review","76","24","51","26","1","1","0","0","0","0","1","2","8","8","6","0","0","0","Kotlin output still contains 6 Java-only syntax markers."
"picocli-codegen-tests-java9plus/src/test/resources/picocli/issue850missingmixin/ProviderMixin.java","needs-review","76","24","65","19","1","2","0","0","1","1","9","1","4","4","0","0","0","0","Method-like declaration count dropped by 8."
"picocli-codegen-tests-java9plus/src/test/resources/picocli/ls/FileList.java","needs-review","68","32","59","61","1","3","0","0","2","2","5","6","6","7","8","0","0","7","Kotlin output still contains 8 Java-only syntax markers."
"picocli-codegen/src/main/java/picocli/codegen/annotation/processing/AbstractCommandSpecProcessor.java","poor","20","80","1055","1126","5","5","0","0","0","0","97","147","56","61","56","4","0","4","Kotlin output still contains 56 Java-only syntax markers.; Output contains 4 TODO/ERROR/UnsupportedOperationException markers."
"picocli-codegen/src/main/java/picocli/codegen/annotation/processing/AnnotatedElementHolder.java","good","100","0","55","28","1","1","0","0","0","0","5","4","3","3","0","0","0","0","No heuristic issues detected."
"picocli-codegen/src/main/java/picocli/codegen/annotation/processing/AnnotationValidator.java","poor","41","59","227","253","1","1","1","1","0","0","24","42","11","11","19","2","0","2","Kotlin output still contains 19 Java-only syntax markers.; Output contains 2 TODO/ERROR/UnsupportedOperationException markers."
"picocli-codegen/src/main/java/picocli/codegen/annotation/processing/CompileTimeTypeInfo.java","needs-review","80","20","235","258","2","2","0","0","0","0","32","34","18","18","5","0","0","1","Kotlin output still contains 5 Java-only syntax markers."
"picocli-codegen/src/main/java/picocli/codegen/annotation/processing/CompletionCandidatesMetaData.java","good","88","12","75","59","1","1","0","0","0","0","9","11","2","2","0","1","0","0","Output contains 1 TODO/ERROR/UnsupportedOperationException markers."
"picocli-codegen/src/main/java/picocli/codegen/annotation/processing/DefaultValueProviderMetaData.java","good","100","0","74","58","1","1","0","0","0","0","9","8","2","2","0","0","0","0","No heuristic issues detected."
"picocli-codegen/src/main/java/picocli/codegen/annotation/processing/ITypeMetaData.java","good","91","9","28","13","0","0","1","1","0","0","3","0","0","0","0","0","0","0","Method-like declaration count dropped by 3."
"picocli-codegen/src/main/java/picocli/codegen/annotation/processing/MixinInfo.java","needs-review","84","16","78","84","1","1","0","0","0","0","8","14","0","0","4","0","0","0","Kotlin output still contains 4 Java-only syntax markers."
"picocli-codegen/src/main/java/picocli/codegen/annotation/processing/ParameterConsumerMetaData.java","good","100","0","80","65","1","1","0","0","0","0","8","11","3","3","0","0","0","0","No heuristic issues detected."
"picocli-codegen/src/main/java/picocli/codegen/annotation/processing/TypeConverterMetaData.java","good","100","0","80","68","1","1","0","0","0","0","8","9","3","3","0","0","0","0","No heuristic issues detected."
"picocli-codegen/src/main/java/picocli/codegen/annotation/processing/TypeUtil.java","good","92","8","14","11","1","0","0","0","0","0","3","4","0","0","0","0","0","0","Class/interface/enum/record declaration count dropped by 1."
"picocli-codegen/src/main/java/picocli/codegen/annotation/processing/TypedMember.java","poor","64","36","128","188","1","1","0","0","0","0","51","53","2","2","6","1","0","0","Kotlin output still contains 6 Java-only syntax markers.; Output contains 1 TODO/ERROR/UnsupportedOperationException markers."
"picocli-codegen/src/main/java/picocli/codegen/annotation/processing/VersionProviderMetaData.java","good","100","0","72","57","1","1","0","0","0","0","9","7","2","2","0","0","0","0","No heuristic issues detected."
"picocli-codegen/src/main/java/picocli/codegen/annotation/processing/package-info.java","good","100","0","4","2","0","0","0","0","0","0","0","0","0","0","0","0","0","0","No heuristic issues detected."
"picocli-codegen/src/main/java/picocli/codegen/aot/graalvm/DynamicProxyConfigGenerator.java","poor","60","40","170","142","4","3","5","5","0","0","15","17","10","11","5","1","0","0","Class/interface/enum/record declaration count dropped by 1.; Kotlin output still contains 5 Java-only syntax markers.; Output contains 1 TODO/ERROR/UnsupportedOperationException markers."
"picocli-codegen/src/main/java/picocli/codegen/aot/graalvm/JniConfigGenerator.java","needs-review","68","32","92","86","2","1","0","0","0","0","11","10","4","5","6","0","0","0","Class/interface/enum/record declaration count dropped by 1.; Kotlin output still contains 6 Java-only syntax markers."
"picocli-codegen/src/main/java/picocli/codegen/aot/graalvm/OutputFileMixin.java","good","96","4","33","42","1","1","0","0","0","0","3","4","1","3","1","0","0","0","Kotlin output still contains 1 Java-only syntax markers."
"picocli-codegen/src/main/java/picocli/codegen/aot/graalvm/ReflectionConfigGenerator.java","poor","57","43","609","648","7","6","0","0","0","0","77","123","23","34","37","0","0","3","Class/interface/enum/record declaration count dropped by 1.; Kotlin output still contains 37 Java-only syntax markers."
"picocli-codegen/src/main/java/picocli/codegen/aot/graalvm/ResourceConfigGenerator.java","needs-review","68","32","155","115","4","3","0","0","0","0","18","20","9","10","6","0","0","0","Class/interface/enum/record declaration count dropped by 1.; Kotlin output still contains 6 Java-only syntax markers."
"picocli-codegen/src/main/java/picocli/codegen/aot/graalvm/package-info.java","good","100","0","4","2","0","0","0","0","0","0","0","0","0","0","0","0","0","0","No heuristic issues detected."
"picocli-codegen/src/main/java/picocli/codegen/aot/graalvm/processor/AbstractCompositeGeneratorProcessor.java","good","88","12","41","36","1","1","0","0","0","0","2","3","1","1","3","0","0","0","Kotlin output still contains 3 Java-only syntax markers."
"picocli-codegen/src/main/java/picocli/codegen/aot/graalvm/processor/AbstractGenerator.java","poor","41","59","66","71","1","1","0","0","0","0","11","20","1","3","10","2","0","0","Kotlin output still contains 10 Java-only syntax markers.; Output contains 2 TODO/ERROR/UnsupportedOperationException markers."
"picocli-codegen/src/main/java/picocli/codegen/aot/graalvm/processor/IGenerator.java","good","100","0","7","6","0","0","1","1","0","0","1","2","0","0","0","0","0","0","No heuristic issues detected."
"picocli-codegen/src/main/java/picocli/codegen/aot/graalvm/processor/NativeImageConfigGeneratorProcessor.java","good","91","9","43","23","1","1","0","0","0","0","5","2","2","3","0","0","0","0","Method-like declaration count dropped by 3."
"picocli-codegen/src/main/java/picocli/codegen/aot/graalvm/processor/ProcessorUtil.java","good","92","8","37","42","1","0","0","0","0","0","6","6","0","2","0","0","0","0","Class/interface/enum/record declaration count dropped by 1."
"picocli-codegen/src/main/java/picocli/codegen/aot/graalvm/processor/ProxyConfigGen.java","good","96","4","28","21","1","1","0","0","0","0","1","3","1","1","1","0","0","0","Kotlin output still contains 1 Java-only syntax markers."
"picocli-codegen/src/main/java/picocli/codegen/aot/graalvm/processor/ReflectConfigGen.java","good","96","4","18","15","1","1","0","0","0","0","1","3","1","2","1","0","0","0","Kotlin output still contains 1 Java-only syntax markers."
"picocli-codegen/src/main/java/picocli/codegen/aot/graalvm/processor/ResourceConfigGen.java","good","96","4","39","30","1","1","0","0","0","0","1","3","1","2","1","0","0","0","Kotlin output still contains 1 Java-only syntax markers."
"picocli-codegen/src/main/java/picocli/codegen/aot/graalvm/processor/package-info.java","good","100","0","4","2","0","0","0","0","0","0","0","0","0","0","0","0","0","0","No heuristic issues detected."
"picocli-codegen/src/main/java/picocli/codegen/docgen/manpage/ManPageGenerator.java","poor","0","100","721","761","7","0","0","0","0","0","76","8","13","0","3","2","3","0","Class/interface/enum/record declaration count dropped by 7.; Method-like declaration count dropped by 68.; Kotlin output still contains 3 Java-only syntax markers.; Output contains 2 TODO/ERROR/UnsupportedOperationException markers.; Anonymous classes were present but no Kotlin lambda/object-expression signal was detected.; Annotation count dropped sharply, which may break framework behavior."
"picocli-codegen/src/main/java/picocli/codegen/docgen/manpage/package-info.java","good","100","0","5","2","0","0","0","0","0","0","0","0","0","0","0","0","0","0","No heuristic issues detected."
"picocli-codegen/src/main/java/picocli/codegen/util/Assert.java","good","92","8","23","21","1","0","0","0","0","0","6","11","0","0","0","0","0","0","Class/interface/enum/record declaration count dropped by 1."
"picocli-codegen/src/main/java/picocli/codegen/util/JulLogFormatter.java","good","100","0","20","20","1","1","0","0","0","0","4","2","1","2","0","0","0","0","No heuristic issues detected."
"picocli-codegen/src/main/java/picocli/codegen/util/Util.java","good","92","8","30","33","1","0","0","0","0","0","4","4","0","1","0","0","0","0","Class/interface/enum/record declaration count dropped by 1."
"picocli-codegen/src/main/java/picocli/codegen/util/package-info.java","good","100","0","4","2","0","0","0","0","0","0","0","0","0","0","0","0","0","0","No heuristic issues detected."
"picocli-codegen/src/main/java9/module-info.java","good","100","0","35","21","0","0","0","0","0","0","0","0","0","0","0","0","0","0","No heuristic issues detected."
"picocli-codegen/src/test/java/picocli/codegen/aot/graalvm/DynamicProxyConfigGeneratorTest.java","good","92","8","65","72","1","1","0","0","0","0","10","12","3","10","2","0","0","0","Kotlin output still contains 2 Java-only syntax markers."
"picocli-codegen/src/test/java/picocli/codegen/aot/graalvm/Example.java","good","92","8","78","75","2","2","0","0","0","0","9","12","15","16","2","0","0","0","Kotlin output still contains 2 Java-only syntax markers."
"picocli-codegen/src/test/java/picocli/codegen/aot/graalvm/ExampleInterface.java","needs-review","84","16","63","61","1","0","1","1","0","0","11","18","6","7","2","0","1","1","Class/interface/enum/record declaration count dropped by 1.; Kotlin output still contains 2 Java-only syntax markers."
"picocli-codegen/src/test/java/picocli/codegen/aot/graalvm/Issue1274AbstractCommand.java","good","96","4","13","12","1","1","0","0","0","0","1","2","3","3","1","0","0","0","Kotlin output still contains 1 Java-only syntax markers."
"picocli-codegen/src/test/java/picocli/codegen/aot/graalvm/Issue1274Command.java","good","100","0","5","4","1","1","0","0","0","0","0","0","1","1","0","0","0","0","No heuristic issues detected."
"picocli-codegen/src/test/java/picocli/codegen/aot/graalvm/Issue622AbstractCommand.java","good","100","0","10","10","1","1","0","0","0","0","0","0","2","2","0","0","0","0","No heuristic issues detected."
"picocli-codegen/src/test/java/picocli/codegen/aot/graalvm/Issue622App.java","good","100","0","5","4","1","1","0","0","0","0","0","0","1","1","0","0","0","0","No heuristic issues detected."
"picocli-codegen/src/test/java/picocli/codegen/aot/graalvm/Issue622Command1.java","good","100","0","5","4","1","1","0","0","0","0","0","0","1","1","0","0","0","0","No heuristic issues detected."
"picocli-codegen/src/test/java/picocli/codegen/aot/graalvm/Issue622Command2.java","good","100","0","8","8","1","1","0","0","0","0","0","0","2","2","0","0","0","0","No heuristic issues detected."
"picocli-codegen/src/test/java/picocli/codegen/aot/graalvm/Issue622Command2Sub.java","good","100","0","8","8","1","1","0","0","0","0","0","0","2","2","0","0","0","0","No heuristic issues detected."
"picocli-codegen/src/test/java/picocli/codegen/aot/graalvm/Issue793Test.java","good","100","0","95","96","6","6","0","0","0","0","3","2","12","14","0","0","0","0","No heuristic issues detected."
"picocli-codegen/src/test/java/picocli/codegen/aot/graalvm/Issue930Example.java","good","100","0","15","19","1","1","0","0","0","0","5","5","2","2","0","0","0","0","No heuristic issues detected."
"picocli-codegen/src/test/java/picocli/codegen/aot/graalvm/Issue930Factory.java","good","100","0","14","16","1","1","0","0","0","0","2","2","2","3","0","0","0","0","No heuristic issues detected."
"picocli-codegen/src/test/java/picocli/codegen/aot/graalvm/ReflectionConfigGeneratorTest.java","good","92","8","104","120","1","1","0","0","0","0","18","18","6","19","2","0","0","0","Kotlin output still contains 2 Java-only syntax markers."
"picocli-codegen/src/test/java/picocli/codegen/aot/graalvm/ResourceConfigGeneratorTest.java","good","92","8","75","79","1","1","0","0","0","0","10","12","3","10","2","0","0","0","Kotlin output still contains 2 Java-only syntax markers."
"picocli-codegen/src/test/java/picocli/codegen/docgen/manpage/Issue2145.java","good","100","0","18","13","2","2","0","0","0","0","3","2","2","3","0","0","0","0","No heuristic issues detected."
"picocli-codegen/src/test/java/picocli/codegen/docgen/manpage/ManPageGeneratorTest.java","poor","58","42","427","419","12","13","0","0","1","1","76","49","53","78","3","0","0","0","Method-like declaration count dropped by 27.; Kotlin output still contains 3 Java-only syntax markers."
"picocli-examples/annotation-processing/example-gradle-project/src/main/java/com/company/Main.java","good","100","0","29","30","1","1","0","0","0","0","4","4","6","7","0","0","0","0","No heuristic issues detected."
"picocli-examples/annotation-processing/example-maven-project-shading/src/main/java/com/company/Main.java","good","100","0","29","30","1","1","0","0","0","0","4","4","6","7","0","0","0","0","No heuristic issues detected."
"picocli-examples/annotation-processing/example-maven-project-simple/src/main/java/com/company/Main.java","good","100","0","29","30","1","1","0","0","0","0","4","4","6","7","0","0","0","0","No heuristic issues detected."
"picocli-examples/generate-man-pages/example-gradle-project/src/main/java/com/company/Main.java","good","96","4","65","63","1","1","2","2","0","0","4","4","7","8","1","0","0","0","Kotlin output still contains 1 Java-only syntax markers."
"picocli-examples/generate-man-pages/example-maven-project/src/main/java/com/company/Main.java","good","96","4","65","63","1","1","2","2","0","0","4","4","7","8","1","0","0","0","Kotlin output still contains 1 Java-only syntax markers."
"picocli-examples/src/main/java/AutomaticHelpDemo.java","good","92","8","18","18","1","0","0","0","0","0","1","2","0","0","0","0","0","0","Class/interface/enum/record declaration count dropped by 1."
"picocli-examples/src/main/java/Greet.java","good","92","8","18","18","1","0","0","0","0","0","1","2","0","0","0","0","0","0","Class/interface/enum/record declaration count dropped by 1."
"picocli-examples/src/main/java/picocli/examples/AutomaticHelpDemo.java","good","100","0","44","43","1","1","0","0","0","0","4","4","4","5","0","0","0","0","No heuristic issues detected."
"picocli-examples/src/main/java/picocli/examples/AutomaticHelpDemo3.java","good","100","0","33","34","1","1","0","0","0","0","4","4","2","3","0","0","0","0","No heuristic issues detected."
"picocli-examples/src/main/java/picocli/examples/Example.java","good","88","12","43","44","1","1","0","0","0","0","4","4","3","4","3","0","0","0","Kotlin output still contains 3 Java-only syntax markers."
"picocli-examples/src/main/java/picocli/examples/Greet.java","good","100","0","27","29","1","1","0","0","0","0","4","4","2","3","0","0","0","0","No heuristic issues detected."
"picocli-examples/src/main/java/picocli/examples/PopulateFlagsMain.java","needs-review","79","21","113","58","2","1","0","0","0","0","5","2","3","3","1","0","0","0","Class/interface/enum/record declaration count dropped by 1.; Method-like declaration count dropped by 3.; Kotlin output still contains 1 Java-only syntax markers."
"picocli-examples/src/main/java/picocli/examples/PopulateFlagsWithLongNamesMain.java","good","88","12","92","52","2","1","0","0","0","0","3","2","1","1","1","0","0","0","Class/interface/enum/record declaration count dropped by 1.; Kotlin output still contains 1 Java-only syntax markers."
"picocli-examples/src/main/java/picocli/examples/PopulateHelpRequestedMain.java","good","88","12","72","50","2","1","0","0","0","0","3","2","1","1","1","0","0","0","Class/interface/enum/record declaration count dropped by 1.; Kotlin output still contains 1 Java-only syntax markers."
"picocli-examples/src/main/java/picocli/examples/PopulateOptionsWithValuesMain.java","good","88","12","145","67","2","1","0","0","0","0","4","2","2","2","1","0","0","0","Class/interface/enum/record declaration count dropped by 1.; Kotlin output still contains 1 Java-only syntax markers."
"picocli-examples/src/main/java/picocli/examples/PopulatePositionalParametersMain.java","good","88","12","123","68","2","1","0","0","0","0","4","2","2","2","1","0","0","0","Class/interface/enum/record declaration count dropped by 1.; Kotlin output still contains 1 Java-only syntax markers."
"picocli-examples/src/main/java/picocli/examples/UserManualExamples.java","good","92","8","30","28","2","1","0","0","0","0","4","4","2","3","0","0","0","0","Class/interface/enum/record declaration count dropped by 1."
"picocli-examples/src/main/java/picocli/examples/VersionProviderDemo1.java","good","100","0","78","48","2","2","0","0","0","0","6","4","2","4","0","0","0","0","No heuristic issues detected."
"picocli-examples/src/main/java/picocli/examples/VersionProviderDemo2.java","good","92","8","66","69","2","2","0","0","0","0","8","8","2","4","2","0","0","0","Kotlin output still contains 2 Java-only syntax markers."
"picocli-examples/src/main/java/picocli/examples/arggroup/ArgGroupMixinDemo.java","good","92","8","105","51","6","5","0","0","0","0","11","10","18","21","0","0","0","0","Class/interface/enum/record declaration count dropped by 1."
"picocli-examples/src/main/java/picocli/examples/arggroup/ArgGroupMixinDemo2.java","good","88","12","123","121","6","5","0","0","0","0","22","23","20","23","1","0","0","0","Class/interface/enum/record declaration count dropped by 1.; Kotlin output still contains 1 Java-only syntax markers."
"picocli-examples/src/main/java/picocli/examples/arggroup/CompositeGroupDemo.java","good","100","0","43","44","4","4","0","0","0","0","3","2","10","10","0","0","0","0","No heuristic issues detected."
"picocli-examples/src/main/java/picocli/examples/arggroup/DefaultValueBadExample.java","good","100","0","16","18","2","2","0","0","0","0","3","2","3","3","0","0","0","0","No heuristic issues detected."
"picocli-examples/src/main/java/picocli/examples/arggroup/DefaultValueGoodExample.java","good","100","0","16","18","2","2","0","0","0","0","3","2","3","3","0","0","0","0","No heuristic issues detected."
"picocli-examples/src/main/java/picocli/examples/arggroup/DependentOptionsDemo.java","good","100","0","39","28","2","2","0","0","0","0","4","3","4","4","0","0","0","0","No heuristic issues detected."
"picocli-examples/src/main/java/picocli/examples/arggroup/Grades.java","good","100","0","30","31","2","2","0","0","0","0","4","4","5","6","0","0","0","1","No heuristic issues detected."
"picocli-examples/src/main/java/picocli/examples/arggroup/MutuallyExclusiveOptionsDemo.java","good","100","0","39","28","2","2","0","0","0","0","4","3","4","4","0","0","0","0","No heuristic issues detected."
"picocli-examples/src/main/java/picocli/examples/arggroup/OptionSectionDemo.java","good","100","0","51","28","3","3","0","0","0","0","3","2","9","9","0","0","0","0","No heuristic issues detected."
"picocli-examples/src/main/java/picocli/examples/arggroup/RepeatingCompositeOptions.java","needs-review","70","30","63","61","3","4","0","0","2","2","19","7","6","6","0","0","0","0","Method-like declaration count dropped by 12."
"picocli-examples/src/main/java/picocli/examples/arggroup/SO61203155.java","good","100","0","62","63","5","6","0","0","1","1","8","8","11","13","0","0","0","0","No heuristic issues detected."
"picocli-examples/src/main/java/picocli/examples/arggroup/SO61963756.java","needs-review","70","30","33","35","3","3","0","0","0","0","18","4","7","8","0","0","0","0","Method-like declaration count dropped by 14."
"picocli-examples/src/main/java/picocli/examples/atfile/AtFileGenerator.java","needs-review","76","24","125","140","1","1","0","0","0","0","17","17","9","15","6","0","0","1","Kotlin output still contains 6 Java-only syntax markers."
"picocli-examples/src/main/java/picocli/examples/autocomplete/CommandWithCompletionSubcommand.java","good","100","0","35","33","2","2","0","0","0","0","5","6","8","10","0","0","0","0","No heuristic issues detected."
"picocli-examples/src/main/java/picocli/examples/casesensitivity/CaseInsensitiveDemo.java","good","100","0","24","26","1","1","0","0","0","0","5","6","4","5","0","0","0","0","No heuristic issues detected."
"picocli-examples/src/main/java/picocli/examples/casesensitivity/POSIXOptionResembleDemo.java","good","100","0","39","41","1","1","0","0","0","0","6","4","6","7","0","0","0","0","No heuristic issues detected."
"picocli-examples/src/main/java/picocli/examples/casesensitivity/ScopedCaseSensitivityDemo.java","good","100","0","44","46","2","2","0","0","0","0","8","10","7","8","0","0","0","0","No heuristic issues detected."
"picocli-examples/src/main/java/picocli/examples/cjk/CheckSum.java","good","92","8","38","38","1","1","0","0","0","0","5","4","4","5","2","0","0","0","Kotlin output still contains 2 Java-only syntax markers."
"picocli-examples/src/main/java/picocli/examples/cjk/JapaneseDemo.java","good","100","0","14","15","1","1","0","0","0","0","4","4","2","3","0","0","0","0","No heuristic issues detected."
"picocli-examples/src/main/java/picocli/examples/color/ColorDemo.java","good","100","0","15","17","1","1","0","0","0","0","4","4","2","3","0","0","0","0","No heuristic issues detected."
"picocli-examples/src/main/java/picocli/examples/completioncandidates/FileCompleterDemo.java","good","100","0","25","25","2","2","0","0","0","0","6","7","2","3","0","0","0","0","No heuristic issues detected."
"picocli-examples/src/main/java/picocli/examples/customhelp/AlphabeticSubcommands.java","good","100","0","54","48","4","4","0","0","0","0","11","15","8","12","0","0","2","2","No heuristic issues detected."
"picocli-examples/src/main/java/picocli/examples/customhelp/ConditionallyShowSubcommands.java","good","92","8","39","33","2","1","0","0","0","0","7","8","3","5","0","0","0","1","Class/interface/enum/record declaration count dropped by 1."
"picocli-examples/src/main/java/picocli/examples/customhelp/CustomOptionListAndSynopsis.java","good","88","12","96","93","3","2","0","0","0","0","15","17","5","6","1","0","2","2","Class/interface/enum/record declaration count dropped by 1.; Kotlin output still contains 1 Java-only syntax markers."
"picocli-examples/src/main/java/picocli/examples/customhelp/CustomOptionListAndSynopsisWithInheritance.java","needs-review","84","16","66","64","3","2","0","0","0","0","12","14","8","9","2","0","1","1","Class/interface/enum/record declaration count dropped by 1.; Kotlin output still contains 2 Java-only syntax markers."
"picocli-examples/src/main/java/picocli/examples/customhelp/CustomParamList.java","needs-review","77","23","82","76","3","2","0","0","0","0","19","14","5","5","0","0","1","1","Class/interface/enum/record declaration count dropped by 1.; Method-like declaration count dropped by 5."
"picocli-examples/src/main/java/picocli/examples/customhelp/CustomSynopsisNonPosix.java","good","92","8","53","48","3","2","0","0","0","0","8","7","6","6","0","0","1","1","Class/interface/enum/record declaration count dropped by 1."
"picocli-examples/src/main/java/picocli/examples/customhelp/EnvironmentVariablesSection.java","needs-review","68","32","83","78","2","1","0","0","0","0","15","18","2","2","6","0","1","1","Class/interface/enum/record declaration count dropped by 1.; Kotlin output still contains 6 Java-only syntax markers."
"picocli-examples/src/main/java/picocli/examples/customhelp/GroupingDemo.java","needs-review","80","20","100","104","2","2","0","0","0","0","21","29","9","17","5","0","0","2","Kotlin output still contains 5 Java-only syntax markers."
"picocli-examples/src/main/java/picocli/examples/customhelp/HideOptionParams.java","needs-review","84","16","84","81","1","1","0","0","0","0","11","11","4","4","4","0","3","3","Kotlin output still contains 4 Java-only syntax markers."
"picocli-examples/src/main/java/picocli/examples/customhelp/HideOptionParamsFromSynopsis.java","needs-review","84","16","59","58","1","1","0","0","0","0","11","13","5","5","4","0","3","3","Kotlin output still contains 4 Java-only syntax markers."
"picocli-examples/src/main/java/picocli/examples/customhelp/HideSomePositionalParams.java","good","96","4","61","65","2","3","1","1","1","1","10","9","6","6","1","0","1","1","Kotlin output still contains 1 Java-only syntax markers."
"picocli-examples/src/main/java/picocli/examples/customhelp/ShowCommandHierarchy.java","needs-review","84","16","95","77","7","6","0","0","0","0","9","9","6","6","2","0","0","0","Class/interface/enum/record declaration count dropped by 1.; Kotlin output still contains 2 Java-only syntax markers."
"picocli-examples/src/main/java/picocli/examples/dateformat/DateFormatExample.java","good","91","9","25","28","1","1","0","0","0","0","7","4","3","4","0","0","0","1","Method-like declaration count dropped by 3."
"picocli-examples/src/main/java/picocli/examples/defaultprovider/MyPropertyDefaultProviderDemo.java","good","96","4","47","49","2","2","0","0","0","0","8","6","6","8","1","0","0","1","Kotlin output still contains 1 Java-only syntax markers."
"picocli-examples/src/main/java/picocli/examples/defaultprovider/PropertiesDefaultProvider.java","needs-review","72","28","187","110","1","1","0","0","0","0","17","24","1","2","7","0","0","0","Kotlin output still contains 7 Java-only syntax markers."
"picocli-examples/src/main/java/picocli/examples/defaultprovider/SimpleDefaultProviderDemo.java","good","100","0","45","50","2","2","0","0","0","0","5","7","6","8","0","0","0","0","No heuristic issues detected."
"picocli-examples/src/main/java/picocli/examples/defaultprovider/TwoPass.java","poor","58","42","82","78","3","2","0","0","0","0","17","7","10","13","1","0","0","0","Class/interface/enum/record declaration count dropped by 1.; Method-like declaration count dropped by 10.; Kotlin output still contains 1 Java-only syntax markers."
"picocli-examples/src/main/java/picocli/examples/env_var/App.java","good","88","12","54","40","2","2","0","0","0","0","8","4","3","3","0","0","0","0","Method-like declaration count dropped by 4."
"picocli-examples/src/main/java/picocli/examples/exceptionhandler/ExecutionExceptionHandlerDemo.java","good","100","0","30","32","1","1","0","0","0","0","7","7","2","2","0","0","1","1","No heuristic issues detected."
"picocli-examples/src/main/java/picocli/examples/exceptionhandler/ExecutionExceptionHandlerDemo2.java","good","100","0","43","47","1","1","0","0","0","0","7","7","3","3","0","0","1","1","No heuristic issues detected."
"picocli-examples/src/main/java/picocli/examples/exceptionhandler/ParameterExceptionHandlerDemo.java","good","96","4","40","44","1","1","0","0","0","0","6","6","3","5","1","0","1","1","Kotlin output still contains 1 Java-only syntax markers."
"picocli-examples/src/main/java/picocli/examples/execute/ExecutionStrategyWithExecutionResult.java","good","92","8","56","57","2","1","0","0","0","0","4","4","1","1","0","0","0","0","Class/interface/enum/record declaration count dropped by 1."
"picocli-examples/src/main/java/picocli/examples/exitcode/CustomExitCodeCallable.java","good","100","0","28","30","1","1","0","0","0","0","4","4","2","2","0","0","0","0","No heuristic issues detected."
"picocli-examples/src/main/java/picocli/examples/exitcode/CustomExitCodeCommandMethod.java","good","100","0","29","31","1","1","0","0","0","0","3","4","2","2","0","0","0","0","No heuristic issues detected."
"picocli-examples/src/main/java/picocli/examples/exitcode/CustomExitCodeGenerator.java","good","100","0","32","35","1","1","0","0","0","0","5","5","3","4","0","0","0","0","No heuristic issues detected."
"picocli-examples/src/main/java/picocli/examples/exitcode/ExitCodeExceptionMapperDemo.java","good","100","0","38","41","1","1","0","0","0","0","7","7","2","3","0","0","1","1","No heuristic issues detected."
"picocli-examples/src/main/java/picocli/examples/exitcode/ExitCodeOnExecutionException.java","good","100","0","26","28","1","1","0","0","0","0","5","5","1","2","0","0","0","0","No heuristic issues detected."
"picocli-examples/src/main/java/picocli/examples/exitcode/ExitCodeOnInvalidInput.java","good","100","0","27","29","1","1","0","0","0","0","6","5","1","2","0","0","0","0","No heuristic issues detected."
"picocli-examples/src/main/java/picocli/examples/exitcode/ExitCodeOnSuccess.java","good","88","12","33","34","1","1","0","0","0","0","8","4","1","2","0","0","0","0","Method-like declaration count dropped by 4."
"picocli-examples/src/main/java/picocli/examples/git/Git.java","good","96","4","102","90","10","10","0","0","0","0","15","24","28","38","1","0","0","0","Kotlin output still contains 1 Java-only syntax markers."
"picocli-examples/src/main/java/picocli/examples/git/GitCommit.java","good","92","8","55","35","1","1","1","1","0","0","3","5","11","12","2","0","0","0","Kotlin output still contains 2 Java-only syntax markers."
"picocli-examples/src/main/java/picocli/examples/git/GitStatus.java","good","96","4","35","32","1","2","0","0","1","1","4","5","6","7","1","0","0","0","Kotlin output still contains 1 Java-only syntax markers."
"picocli-examples/src/main/java/picocli/examples/i18n/I18NDemo.java","good","96","4","27","30","1","1","0","0","0","0","4","4","3","4","1","0","0","1","Kotlin output still contains 1 Java-only syntax markers."
"picocli-examples/src/main/java/picocli/examples/i18n/localecontrol/LocaleControl.java","needs-review","79","21","50","50","2","2","0","0","0","0","10","7","7","8","3","0","0","0","Method-like declaration count dropped by 3.; Kotlin output still contains 3 Java-only syntax markers."
"picocli-examples/src/main/java/picocli/examples/inheritedoptions/DuplicateOptionsWorkaround.java","good","100","0","31","28","1","1","0","0","0","0","4","4","2","2","0","0","0","0","No heuristic issues detected."
"picocli-examples/src/main/java/picocli/examples/inheritedoptions/Top.java","good","96","4","40","39","1","1","0","0","0","0","8","8","4","6","1","0","0","0","Kotlin output still contains 1 Java-only syntax markers."
"picocli-examples/src/main/java/picocli/examples/interactive/InteractivePositionalParam.java","good","92","8","41","44","2","2","0","0","0","0","4","8","4","6","2","0","0","0","Kotlin output still contains 2 Java-only syntax markers."
"picocli-examples/src/main/java/picocli/examples/interactive/PasswordDemo.java","good","96","4","37","46","1","1","0","0","0","0","8","9","4","5","1","0","0","0","Kotlin output still contains 1 Java-only syntax markers."
"picocli-examples/src/main/java/picocli/examples/interactive/UserPasswordDemo.java","good","92","8","25","27","1","1","0","0","0","0","6","8","3","4","2","0","0","0","Kotlin output still contains 2 Java-only syntax markers."
"picocli-examples/src/main/java/picocli/examples/jsr380/beanvalidation/User.java","poor","60","40","88","87","1","1","0","0","0","0","9","11","20","19","7","1","0","0","Kotlin output still contains 7 Java-only syntax markers.; Output contains 1 TODO/ERROR/UnsupportedOperationException markers."
"picocli-examples/src/main/java/picocli/examples/jsr380/beanvalidation/User2.java","needs-review","76","24","77","74","1","1","0","0","0","0","8","8","20","19","6","0","0","0","Kotlin output still contains 6 Java-only syntax markers."
"picocli-examples/src/main/java/picocli/examples/jsr380/beanvalidation/ValidatingExecutionStrategy.java","good","88","12","27","28","1","1","0","0","0","0","3","5","0","0","0","1","0","0","Output contains 1 TODO/ERROR/UnsupportedOperationException markers."
"picocli-examples/src/main/java/picocli/examples/leftalign/LeftAlignOptions.java","needs-review","65","35","95","93","1","1","0","0","0","0","12","13","6","6","10","0","2","3","Kotlin output still contains 10 Java-only syntax markers."
"picocli-examples/src/main/java/picocli/examples/logging_mixin_advanced/LoggingMixin.java","poor","60","40","152","97","1","1","0","0","0","0","8","15","2","3","4","2","0","4","Kotlin output still contains 4 Java-only syntax markers.; Output contains 2 TODO/ERROR/UnsupportedOperationException markers."
"picocli-examples/src/main/java/picocli/examples/logging_mixin_advanced/LoggingSub.java","good","96","4","24","26","1","1","0","0","0","0","2","4","5","6","1","0","0","0","Kotlin output still contains 1 Java-only syntax markers."
"picocli-examples/src/main/java/picocli/examples/logging_mixin_advanced/LoggingSubSub.java","good","96","4","24","26","1","1","0","0","0","0","2","4","5","6","1","0","0","0","Kotlin output still contains 1 Java-only syntax markers."
"picocli-examples/src/main/java/picocli/examples/logging_mixin_advanced/MyApp.java","good","96","4","50","30","1","1","0","0","0","0","4","4","3","4","1","0","0","0","Kotlin output still contains 1 Java-only syntax markers."
"picocli-examples/src/main/java/picocli/examples/logging_mixin_simple/LoggingMixin.java","good","96","4","24","21","1","1","0","0","0","0","1","2","2","2","1","0","0","0","Kotlin output still contains 1 Java-only syntax markers."
"picocli-examples/src/main/java/picocli/examples/logging_mixin_simple/MyApp.java","good","88","12","42","44","1","1","0","0","0","0","6","8","3","4","3","0","0","4","Kotlin output still contains 3 Java-only syntax markers."
"picocli-examples/src/main/java/picocli/examples/logging_mixin_simple/Sub.java","good","96","4","23","25","1","1","0","0","0","0","2","4","4","5","1","0","0","0","Kotlin output still contains 1 Java-only syntax markers."
"picocli-examples/src/main/java/picocli/examples/mixin/CommandWithMixin.java","good","100","0","23","25","1","1","0","0","0","0","5","4","7","7","0","0","0","0","No heuristic issues detected."
"picocli-examples/src/main/java/picocli/examples/mixin/CommonOption.java","good","100","0","8","8","1","1","0","0","0","0","0","0","2","2","0","0","0","0","No heuristic issues detected."
"picocli-examples/src/main/java/picocli/examples/model/BasicResultProcessing.java","good","92","8","52","57","1","0","0","0","0","0","2","2","0","0","0","0","0","0","Class/interface/enum/record declaration count dropped by 1."
"picocli-examples/src/main/java/picocli/examples/model/ParseResultDemo.java","good","92","8","47","46","1","0","0","0","0","0","4","2","0","0","0","0","0","0","Class/interface/enum/record declaration count dropped by 1."
"picocli-examples/src/main/java/picocli/examples/negatableoptions/Demo.java","good","100","0","24","25","1","1","0","0","0","0","4","4","5","6","0","0","0","0","No heuristic issues detected."
"picocli-examples/src/main/java/picocli/examples/optionaloptionparams/OptionalOptionParamDemo.java","good","96","4","81","62","2","2","0","0","0","0","6","7","5","5","1","0","0","0","Kotlin output still contains 1 Java-only syntax markers."
"picocli-examples/src/main/java/picocli/examples/ordering/MakeArgOrderSignificant.java","good","100","0","58","59","1","1","0","0","0","0","6","4","5","6","0","0","0","0","No heuristic issues detected."
"picocli-examples/src/main/java/picocli/examples/parameterconsumer/App.java","good","100","0","34","37","2","2","0","0","0","0","7","9","4","6","0","0","0","0","No heuristic issues detected."
"picocli-examples/src/main/java/picocli/examples/parseresult/ParseResultDemo.java","good","100","0","41","43","1","1","0","0","0","0","4","4","6","7","0","0","0","0","No heuristic issues detected."
"picocli-examples/src/main/java/picocli/examples/passthrough/Find.java","needs-review","72","28","65","65","1","2","0","0","1","1","8","8","6","7","7","0","0","0","Kotlin output still contains 7 Java-only syntax markers."
"picocli-examples/src/main/java/picocli/examples/programmatic/Demo.java","good","92","8","30","31","1","0","0","0","0","0","4","4","1","2","0","0","1","1","Class/interface/enum/record declaration count dropped by 1."
"picocli-examples/src/main/java/picocli/examples/sharedoptions/Top.java","good","92","8","70","74","3","3","0","0","0","0","19","17","9","11","2","0","0","0","Kotlin output still contains 2 Java-only syntax markers."
"picocli-examples/src/main/java/picocli/examples/stdin/PrintFirstLine.java","good","92","8","52","49","1","1","0","0","0","0","9","10","3","6","2","0","0","1","Kotlin output still contains 2 Java-only syntax markers."
"picocli-examples/src/main/java/picocli/examples/subcommands/ParentCommandDemo.java","needs-review","76","24","52","59","3","2","0","0","0","0","7","8","5","7","4","0","0","0","Class/interface/enum/record declaration count dropped by 1.; Kotlin output still contains 4 Java-only syntax markers."
"picocli-examples/src/main/java/picocli/examples/subcommands/SubCmdsViaMethods.java","good","100","0","40","45","1","1","0","0","0","0","15","15","7","8","0","0","0","0","No heuristic issues detected."
"picocli-examples/src/main/java/picocli/examples/subcommands/SubcommandDemo.java","needs-review","84","16","54","58","4","3","0","0","0","0","15","14","8","11","2","0","0","0","Class/interface/enum/record declaration count dropped by 1.; Kotlin output still contains 2 Java-only syntax markers."
"picocli-examples/src/main/java/picocli/examples/synopsis/ParametersBeforeOptions.java","good","96","4","38","38","2","2","0","0","0","0","7","8","6","7","1","0","1","1","Kotlin output still contains 1 Java-only syntax markers."
"picocli-examples/src/main/java/picocli/examples/synopsis/RequiredMultiValueOptionDemo.java","good","92","8","52","40","2","1","0","0","0","0","3","2","6","6","0","0","0","0","Class/interface/enum/record declaration count dropped by 1."
"picocli-examples/src/main/java/picocli/examples/synopsis/Unsorted.java","good","96","4","59","58","3","3","0","0","0","0","9","11","10","12","1","0","1","1","Kotlin output still contains 1 Java-only syntax markers."
"picocli-examples/src/main/java/picocli/examples/typeconverter/InetSocketAddressConverterDemo.java","good","100","0","39","36","2","2","0","0","0","0","7","8","3","4","0","0","0","0","No heuristic issues detected."
"picocli-examples/src/main/java/picocli/examples/typeconverter/InteractiveConverterDemo.java","good","100","0","51","47","2","2","0","0","0","0","6","7","4","6","0","0","0","0","No heuristic issues detected."
"picocli-examples/src/test/java/picocli/examples/stdin/PrintFirstLineTest.java","good","100","0","26","26","1","1","0","0","0","0","3","4","4","6","0","0","0","0","No heuristic issues detected."
"picocli-groovy/src/main/java/picocli/groovy/PicocliBaseScript.java","good","92","8","300","161","1","1","0","0","0","0","22","31","2","6","2","0","0","0","Kotlin output still contains 2 Java-only syntax markers."
"picocli-groovy/src/main/java/picocli/groovy/PicocliBaseScript2.java","needs-review","84","16","288","114","1","1","0","0","0","0","16","25","1","3","4","0","2","2","Kotlin output still contains 4 Java-only syntax markers."
"picocli-groovy/src/main/java/picocli/groovy/PicocliScript.java","good","100","0","88","24","0","1","1","0","0","0","1","1","7","4","0","0","0","0","No heuristic issues detected."
"picocli-groovy/src/main/java/picocli/groovy/PicocliScript2.java","good","92","8","89","22","0","1","1","0","0","0","1","1","5","1","0","0","0","0","Annotation count dropped sharply, which may break framework behavior."
"picocli-groovy/src/main/java/picocli/groovy/PicocliScriptASTTransformation.java","needs-review","65","35","176","191","2","2","0","0","0","0","15","23","7","7","20","0","0","0","Kotlin output still contains 20 Java-only syntax markers."
"picocli-groovy/src/main/java/picocli/groovy/package-info.java","good","100","0","4","2","0","0","0","0","0","0","0","0","0","0","0","0","0","0","No heuristic issues detected."
"picocli-groovy/src/main/java9/module-info.java","good","100","0","30","21","0","0","0","0","0","0","0","0","0","0","0","0","0","0","No heuristic issues detected."
"picocli-shell-jline2/src/main/java/picocli/shell/jline2/PicocliJLineCompleter.java","good","96","4","49","29","1","1","0","0","0","0","3","3","0","0","1","0","0","0","Kotlin output still contains 1 Java-only syntax markers."
"picocli-shell-jline2/src/main/java/picocli/shell/jline2/package-info.java","good","100","0","4","2","0","0","0","0","0","0","0","0","0","0","0","0","0","0","No heuristic issues detected."
"picocli-shell-jline2/src/main/java9/module-info.java","good","100","0","31","21","0","0","0","0","0","0","0","0","0","0","0","0","0","0","No heuristic issues detected."
"picocli-shell-jline2/src/test/java/picocli/shell/jline2/example/CustomFactory.java","good","92","8","29","23","1","1","0","0","0","0","2","2","0","1","2","0","0","0","Kotlin output still contains 2 Java-only syntax markers."
"picocli-shell-jline2/src/test/java/picocli/shell/jline2/example/Example.java","needs-review","72","28","113","107","5","4","0","0","1","1","14","12","12","15","5","0","0","0","Class/interface/enum/record declaration count dropped by 1.; Kotlin output still contains 5 Java-only syntax markers."
"picocli-shell-jline2/src/test/java/picocli/shell/jline2/example/InteractiveParameterConsumer.java","good","96","4","32","27","1","1","0","0","0","0","2","3","0","0","1","0","0","0","Kotlin output still contains 1 Java-only syntax markers."
"picocli-shell-jline3/src/main/java/picocli/shell/jline3/PicocliCommands.java","needs-review","65","35","304","273","4","4","0","0","0","0","29","43","9","14","11","0","0","0","Kotlin output still contains 11 Java-only syntax markers."
"picocli-shell-jline3/src/main/java/picocli/shell/jline3/PicocliJLineCompleter.java","good","96","4","58","37","1","1","0","0","0","0","4","3","0","0","1","0","0","0","Kotlin output still contains 1 Java-only syntax markers."
"picocli-shell-jline3/src/main/java/picocli/shell/jline3/package-info.java","good","100","0","4","2","0","0","0","0","0","0","0","0","0","0","0","0","0","0","No heuristic issues detected."
"picocli-shell-jline3/src/main/java9/module-info.java","good","100","0","32","21","0","0","0","0","0","0","0","0","0","0","0","0","0","0","No heuristic issues detected."
"picocli-shell-jline3/src/test/java/picocli/shell/jline3/example/Example.java","needs-review","76","24","175","161","5","4","0","0","1","1","20","18","17","20","4","0","0","1","Class/interface/enum/record declaration count dropped by 1.; Kotlin output still contains 4 Java-only syntax markers."
"picocli-spring-boot-starter/src/main/java/picocli/spring/PicocliSpringFactory.java","needs-review","84","16","60","41","1","1","0","0","0","0","5","3","1","3","4","0","0","0","Kotlin output still contains 4 Java-only syntax markers."
"picocli-spring-boot-starter/src/main/java/picocli/spring/boot/autoconfigure/PicocliAutoConfiguration.java","good","100","0","28","26","1","1","0","0","0","0","4","6","7","7","0","0","0","0","No heuristic issues detected."
"picocli-spring-boot-starter/src/main/java/picocli/spring/boot/autoconfigure/package-info.java","needs-review","70","30","42","2","0","0","0","0","0","0","0","0","0","0","0","0","0","0","Converted file is suspiciously short (5% of Java line count)."
"picocli-spring-boot-starter/src/main/java/picocli/spring/package-info.java","needs-review","70","30","14","2","0","0","0","0","0","0","0","0","0","0","0","0","0","0","Converted file is suspiciously short (14% of Java line count)."
"picocli-spring-boot-starter/src/main/java9/module-info.java","good","100","0","34","21","0","0","0","0","0","0","0","0","0","0","0","0","0","0","No heuristic issues detected."
"picocli-spring-boot-starter/src/test/java/picocli/spring/PicocliSpringFactoryTest.java","missing","0","100","116","","1","","0","","0","","25","","12","","","","1","","No matching Kotlin file was produced."
"picocli-spring-boot-starter/src/test/java/picocli/spring/boot/autoconfigure/PicocliAutoConfigurationTest.java","good","92","8","100","105","6","6","0","0","0","0","11","16","18","25","2","0","0","0","Kotlin output still contains 2 Java-only syntax markers."
"picocli-spring-boot-starter/src/test/java/picocli/spring/boot/autoconfigure/example/test/ExampleTest.java","good","100","0","54","45","1","1","0","0","0","0","4","5","6","8","0","0","0","0","No heuristic issues detected."
"picocli-spring-boot-starter/src/test/java/picocli/spring/boot/autoconfigure/sample/MyCommand.java","good","100","0","52","49","3","3","0","0","0","0","5","8","15","15","0","0","0","0","No heuristic issues detected."
"picocli-spring-boot-starter/src/test/java/picocli/spring/boot/autoconfigure/sample/MySpringApp.java","good","100","0","40","39","1","1","0","0","0","0","8","10","9","9","0","0","0","0","No heuristic issues detected."
"picocli-spring-boot-starter/src/test/java/picocli/spring/boot/autoconfigure/sample/ServiceDependency.java","good","100","0","6","6","1","1","0","0","0","0","1","2","0","0","0","0","0","0","No heuristic issues detected."
"picocli-spring-boot-starter/src/test/java/picocli/spring/boot/autoconfigure/sample/SomeService.java","good","96","4","10","10","1","1","0","0","0","0","2","3","0","0","1","0","0","0","Kotlin output still contains 1 Java-only syntax markers."
"picocli-tests-java567/src/test/java/picocli/AutoCompleteSystemExitTest.java","poor","0","100","827","872","9","9","0","0","0","0","118","100","30","71","62","4","10","10","Method-like declaration count dropped by 18.; Kotlin output still contains 62 Java-only syntax markers.; Output contains 4 TODO/ERROR/UnsupportedOperationException markers."
"picocli-tests-java567/src/test/java/picocli/DefaultProviderEnvironmentTest.java","poor","53","47","415","415","21","21","0","0","0","0","72","74","70","102","14","1","2","2","Kotlin output still contains 14 Java-only syntax markers.; Output contains 1 TODO/ERROR/UnsupportedOperationException markers."
"picocli-tests-java567/src/test/java/picocli/DefaultProviderEnvironmentTestBundle.java","good","96","4","14","11","1","1","0","0","0","0","1","1","0","0","1","0","0","0","Kotlin output still contains 1 Java-only syntax markers."
"picocli-tests-java567/src/test/java/picocli/ExecuteLegacyTest.java","poor","35","65","1004","1107","41","41","2","2","0","0","372","356","136","250","25","0","36","36","Method-like declaration count dropped by 16.; Kotlin output still contains 25 Java-only syntax markers."
"picocli-tests-java567/src/test/java/picocli/HelpAnsiHeuristicsTest.java","needs-review","84","16","402","378","1","1","0","0","0","0","28","57","28","53","1","1","0","0","Kotlin output still contains 1 Java-only syntax markers.; Output contains 1 TODO/ERROR/UnsupportedOperationException markers."
"picocli-tests-java8/src/test/java/picocli/Issue2232.java","good","85","15","24","24","2","2","0","0","0","0","7","2","2","3","0","0","0","0","Method-like declaration count dropped by 5."
"picocli-tests-java8/src/test/java/picocli/Issue2270.java","good","100","0","65","67","4","4","0","0","0","0","12","12","6","10","0","0","0","0","No heuristic issues detected."
"picocli-tests-java8/src/test/java/picocli/MapOptionsOptionalTest.java","good","91","9","172","175","15","15","0","0","0","0","29","26","30","43","0","0","0","0","Method-like declaration count dropped by 3."
"picocli-tests-java8/src/test/java/picocli/OptionalTest.java","good","100","0","81","75","4","4","0","0","0","0","12","10","11","16","0","0","0","0","No heuristic issues detected."
"picocli-tests-java9plus/src/test/java/picocli/AutoCompleteSystemExitTest.java","poor","0","100","884","859","9","9","0","0","0","0","95","82","36","72","62","14","0","0","Method-like declaration count dropped by 13.; Kotlin output still contains 62 Java-only syntax markers.; Output contains 14 TODO/ERROR/UnsupportedOperationException markers."
"picocli-tests-java9plus/src/test/java/picocli/DefaultProviderTest.java","poor","53","47","436","422","21","21","0","0","0","0","69","74","67","109","14","1","2","2","Kotlin output still contains 14 Java-only syntax markers.; Output contains 1 TODO/ERROR/UnsupportedOperationException markers."
"picocli-tests-java9plus/src/test/java/picocli/DefaultProviderTestBundle.java","good","96","4","14","11","1","1","0","0","0","0","1","1","0","0","1","0","0","0","Kotlin output still contains 1 Java-only syntax markers."
"picocli-tests-java9plus/src/test/java/picocli/HelpAnsiHeuristicsTest.java","poor","56","44","707","561","1","1","0","0","0","0","25","52","25","73","8","1","0","0","Kotlin output still contains 8 Java-only syntax markers.; Output contains 1 TODO/ERROR/UnsupportedOperationException markers."
"picocli-tests-jpms-modules/app-it/src/main/java/module-info.java","good","100","0","6","2","0","0","0","0","0","0","0","0","0","0","0","0","0","0","No heuristic issues detected."
"picocli-tests-jpms-modules/app-it/src/test/java/picocli/test_jpms/modular_app/it/JpmsModularAppIntegrationTest.java","good","100","0","52","52","1","1","0","0","0","0","4","4","2","6","0","0","0","0","No heuristic issues detected."
"picocli-tests-jpms-modules/app-it/src/test/java/picocli/test_jpms/modular_app/it/ResourceBundleTest.java","good","100","0","29","35","1","1","0","0","0","0","5","8","3","10","0","0","0","0","No heuristic issues detected."
"picocli-tests-jpms-modules/app/src/main/java/module-info.java","good","100","0","10","5","0","0","0","0","0","0","0","0","0","0","0","0","0","0","No heuristic issues detected."
"picocli-tests-jpms-modules/app/src/main/java/picocli/test_jpms/modular_app/JpmsModularApp.java","good","100","0","23","21","1","1","0","0","0","0","4","4","5","6","0","0","0","0","No heuristic issues detected."
"picocli-tests-jpms-modules/app/src/test/java/picocli/test_jpms/modular_app/JpmsModularAppTest.java","good","100","0","51","51","1","1","0","0","0","0","4","4","2","6","0","0","0","0","No heuristic issues detected."
"src/main/java/picocli/AutoComplete.java","poor","33","67","957","1073","11","10","2","2","0","0","120","154","13","16","93","2","2","2","Class/interface/enum/record declaration count dropped by 1.; Kotlin output still contains 93 Java-only syntax markers.; Output contains 2 TODO/ERROR/UnsupportedOperationException markers."
"src/main/java/picocli/CommandLine.java","poor","0","100","18104","16827","131","0","44","0","10","0","2769","22","195","0","6","18","34","0","Class/interface/enum/record declaration count dropped by 185.; Method-like declaration count dropped by 2747.; Kotlin output still contains 6 Java-only syntax markers.; Output contains 18 TODO/ERROR/UnsupportedOperationException markers.; Anonymous classes were present but no Kotlin lambda/object-expression signal was detected.; Annotation count dropped sharply, which may break framework behavior."
"src/main/java/picocli/package-info.java","needs-review","70","30","28","2","0","0","0","0","0","0","0","0","0","0","0","0","0","0","Converted file is suspiciously short (7% of Java line count)."
"src/main/java9/module-info.java","good","100","0","76","21","0","0","0","0","0","0","0","0","0","0","0","0","0","0","No heuristic issues detected."
"src/test/java/picocli/AbbreviationMatcherTest.java","needs-review","66","34","498","520","12","12","0","0","0","0","87","56","56","75","1","0","0","0","Method-like declaration count dropped by 31.; Kotlin output still contains 1 Java-only syntax markers."
"src/test/java/picocli/ArgGroupHelpRegressionTest.java","poor","47","53","99","76","8","8","0","0","0","0","21","15","17","18","10","0","0","0","Method-like declaration count dropped by 6.; Kotlin output still contains 10 Java-only syntax markers."
"src/test/java/picocli/ArgGroupParameterizedTest.java","good","96","4","101","53","1","1","0","0","0","0","3","4","3","3","1","0","0","0","Kotlin output still contains 1 Java-only syntax markers."
"src/test/java/picocli/ArgGroupTest.java","poor","0","100","3797","3836","234","218","2","2","1","1","693","470","658","787","65","7","9","9","Class/interface/enum/record declaration count dropped by 16.; Method-like declaration count dropped by 223.; Kotlin output still contains 65 Java-only syntax markers.; Output contains 7 TODO/ERROR/UnsupportedOperationException markers."
"src/test/java/picocli/ArgSplitTest.java","poor","35","65","665","685","37","37","0","0","0","0","154","98","87","133","14","0","0","0","Method-like declaration count dropped by 56.; Kotlin output still contains 14 Java-only syntax markers."
"src/test/java/picocli/ArityTest.java","poor","11","89","1810","1932","95","95","0","0","0","0","372","274","348","495","17","2","0","0","Method-like declaration count dropped by 98.; Kotlin output still contains 17 Java-only syntax markers.; Output contains 2 TODO/ERROR/UnsupportedOperationException markers."
"src/test/java/picocli/AtFileTest.java","poor","35","65","710","731","30","30","0","0","0","0","104","84","128","172","67","0","0","0","Method-like declaration count dropped by 20.; Kotlin output still contains 67 Java-only syntax markers."
"src/test/java/picocli/AutoCompleteDejaGnuTest.java","poor","62","38","147","116","1","1","0","0","0","0","21","9","1","7","2","0","2","2","Method-like declaration count dropped by 12.; Kotlin output still contains 2 Java-only syntax markers."
"src/test/java/picocli/AutoCompleteHyphenatedCommandTest.java","needs-review","83","17","55","52","4","3","0","0","0","0","11","8","10","14","0","0","0","0","Class/interface/enum/record declaration count dropped by 1.; Method-like declaration count dropped by 3."
"src/test/java/picocli/AutoCompleteTest.java","poor","2","98","1170","1221","24","0","0","0","1","0","305","12","85","0","5","0","0","0","Class/interface/enum/record declaration count dropped by 25.; Method-like declaration count dropped by 293.; Kotlin output still contains 5 Java-only syntax markers.; Annotation count dropped sharply, which may break framework behavior."
"src/test/java/picocli/CJKLengthTest.java","good","96","4","29","29","1","1","0","0","0","0","4","4","3","4","1","0","0","0","Kotlin output still contains 1 Java-only syntax markers."
"src/test/java/picocli/CaseAwareLinkedMapTest.java","good","88","12","206","209","2","2","0","0","0","0","16","26","15","28","0","1","0","0","Output contains 1 TODO/ERROR/UnsupportedOperationException markers."
"src/test/java/picocli/ColorSchemeTest.java","good","88","12","240","263","3","3","0","0","0","0","41","55","21","43","0","1","3","3","Output contains 1 TODO/ERROR/UnsupportedOperationException markers."
"src/test/java/picocli/CommandAnnotationInheritedTest.java","good","91","9","60","66","8","8","0","0","0","0","13","10","15","19","0","0","0","0","Method-like declaration count dropped by 3."
"src/test/java/picocli/CommandAnnotationInheritedTest2.java","good","91","9","28","25","4","4","0","0","0","0","5","2","4","5","0","0","0","0","Method-like declaration count dropped by 3."
"src/test/java/picocli/CommandAnnotationMethodTest.java","needs-review","72","28","61","58","4","4","0","0","0","0","12","8","5","7","4","0","0","0","Method-like declaration count dropped by 4.; Kotlin output still contains 4 Java-only syntax markers."
"src/test/java/picocli/CommandLineTest.java","poor","0","100","3184","3386","181","62","0","0","1","1","809","175","579","293","15","4","3","2","Class/interface/enum/record declaration count dropped by 119.; Method-like declaration count dropped by 634.; Kotlin output still contains 15 Java-only syntax markers.; Output contains 4 TODO/ERROR/UnsupportedOperationException markers."
"src/test/java/picocli/CommandMethodTest.java","poor","0","100","978","1025","32","18","0","0","0","0","193","166","210","198","23","2","0","0","Class/interface/enum/record declaration count dropped by 14.; Method-like declaration count dropped by 27.; Kotlin output still contains 23 Java-only syntax markers.; Output contains 2 TODO/ERROR/UnsupportedOperationException markers."
"src/test/java/picocli/CommandModelTransformersTest.java","needs-review","65","35","169","178","13","13","0","0","0","0","37","36","18","26","9","0","0","0","Kotlin output still contains 9 Java-only syntax markers."
"src/test/java/picocli/CommandUserObjectTest.java","good","88","12","74","73","2","2","1","1","0","0","9","12","9","15","0","1","0","0","Output contains 1 TODO/ERROR/UnsupportedOperationException markers."
"src/test/java/picocli/CompletionCandidatesTest.java","poor","50","50","227","220","12","14","0","0","2","2","39","29","35","48","2","1","0","0","Method-like declaration count dropped by 10.; Kotlin output still contains 2 Java-only syntax markers.; Output contains 1 TODO/ERROR/UnsupportedOperationException markers."
"src/test/java/picocli/CustomLayoutDemo.java","poor","45","55","239","238","4","5","0","0","1","1","27","18","50","51","7","0","0","0","Method-like declaration count dropped by 9.; Kotlin output still contains 7 Java-only syntax markers."
"src/test/java/picocli/DefaultProviderTest.java","poor","29","71","416","414","21","18","0","0","0","0","69","68","66","89","14","1","2","2","Class/interface/enum/record declaration count dropped by 3.; Kotlin output still contains 14 Java-only syntax markers.; Output contains 1 TODO/ERROR/UnsupportedOperationException markers."
"src/test/java/picocli/DefaultProviderTestBundle.java","good","96","4","14","11","1","1","0","0","0","0","1","1","0","0","1","0","0","0","Kotlin output still contains 1 Java-only syntax markers."
"src/test/java/picocli/Demo.java","poor","35","65","692","714","17","18","3","3","1","1","70","60","46","55","135","0","0","0","Method-like declaration count dropped by 10.; Kotlin output still contains 135 Java-only syntax markers."
"src/test/java/picocli/EndOfOptionsDelimiterTest.java","poor","58","42","321","293","17","17","0","0","0","0","47","30","38","52","3","0","0","0","Method-like declaration count dropped by 17.; Kotlin output still contains 3 Java-only syntax markers."
"src/test/java/picocli/ExecuteTest.java","poor","11","89","1459","1514","58","58","2","2","0","0","432","387","172","296","26","2","23","23","Method-like declaration count dropped by 45.; Kotlin output still contains 26 Java-only syntax markers.; Output contains 2 TODO/ERROR/UnsupportedOperationException markers."
"src/test/java/picocli/FallbackTest.java","poor","62","38","234","229","8","9","0","0","1","1","54","44","39","60","2","0","0","0","Method-like declaration count dropped by 10.; Kotlin output still contains 2 Java-only syntax markers."
"src/test/java/picocli/GenericTest.java","missing","0","100","115","","10","","0","","0","","20","","15","","","","0","","No matching Kotlin file was produced."
"src/test/java/picocli/HelpAnsiTest.java","poor","35","65","642","633","18","18","0","0","0","0","194","110","157","210","23","0","0","0","Method-like declaration count dropped by 84.; Kotlin output still contains 23 Java-only syntax markers."
"src/test/java/picocli/HelpSubCommandTest.java","poor","38","62","453","466","33","33","0","0","0","0","141","85","63","101","8","0","0","0","Method-like declaration count dropped by 56.; Kotlin output still contains 8 Java-only syntax markers."
"src/test/java/picocli/HelpTest.java","poor","0","100","4765","4779","212","164","0","0","0","0","846","567","981","1046","41","2","20","21","Class/interface/enum/record declaration count dropped by 48.; Method-like declaration count dropped by 279.; Kotlin output still contains 41 Java-only syntax markers.; Output contains 2 TODO/ERROR/UnsupportedOperationException markers."
"src/test/java/picocli/I18nCommand.java","good","100","0","40","24","1","1","0","0","0","0","2","3","8","8","0","0","0","0","No heuristic issues detected."
"src/test/java/picocli/I18nSubclass.java","good","100","0","20","17","1","1","0","0","0","0","0","0","6","6","0","0","0","0","No heuristic issues detected."
"src/test/java/picocli/I18nSubclass2.java","good","100","0","21","17","1","1","0","0","0","0","0","0","6","6","0","0","0","0","No heuristic issues detected."
"src/test/java/picocli/I18nSubcommand.java","good","100","0","28","17","1","1","0","0","0","0","0","0","6","6","0","0","0","0","No heuristic issues detected."
"src/test/java/picocli/I18nSubcommand2.java","good","100","0","25","15","1","1","0","0","0","0","0","0","4","4","0","0","0","0","No heuristic issues detected."
"src/test/java/picocli/I18nSuperclass.java","good","100","0","32","17","1","1","0","0","0","0","0","0","6","6","0","0","0","0","No heuristic issues detected."
"src/test/java/picocli/I18nTest.java","poor","58","42","733","771","19","19","0","0","0","0","85","67","49","71","3","0","0","6","Method-like declaration count dropped by 18.; Kotlin output still contains 3 Java-only syntax markers."
"src/test/java/picocli/InheritedOptionTest.java","poor","62","38","499","501","21","21","0","0","0","0","106","96","76","118","2","0","0","0","Method-like declaration count dropped by 10.; Kotlin output still contains 2 Java-only syntax markers."
"src/test/java/picocli/InnerClassFactory.java","good","96","4","66","55","1","1","0","0","0","0","3","3","1","2","1","0","0","0","Kotlin output still contains 1 Java-only syntax markers."
"src/test/java/picocli/InteractiveArgTest.java","poor","62","38","941","1073","40","40","0","0","0","0","224","124","112","170","2","0","0","1","Method-like declaration count dropped by 100.; Kotlin output still contains 2 Java-only syntax markers."
"src/test/java/picocli/InterpolatedModelTest.java","poor","0","100","310","267","11","11","0","0","0","0","40","30","32","42","31","4","0","0","Method-like declaration count dropped by 10.; Kotlin output still contains 31 Java-only syntax markers.; Output contains 4 TODO/ERROR/UnsupportedOperationException markers."
"src/test/java/picocli/InterpolatorTest.java","needs-review","84","16","247","246","5","5","0","0","0","0","54","52","29","50","4","0","1","1","Kotlin output still contains 4 Java-only syntax markers."
"src/test/java/picocli/Issue1125_1538_OptionNameOrSubcommandAsOptionValue.java","needs-review","79","21","126","128","3","3","0","0","0","0","24","17","13","18","0","0","0","0","Method-like declaration count dropped by 7."
"src/test/java/picocli/Issue1225UnmatchedArgBadIndex.java","needs-review","65","35","53","54","2","2","0","0","0","0","17","8","6","8","2","0","0","0","Method-like declaration count dropped by 9.; Kotlin output still contains 2 Java-only syntax markers."
"src/test/java/picocli/Issue1309.java","good","100","0","46","47","2","2","0","0","0","0","11","9","9","11","0","0","0","0","No heuristic issues detected."
"src/test/java/picocli/Issue1320.java","needs-review","80","20","67","69","2","2","0","0","0","0","11","10","7","9","5","0","0","0","Kotlin output still contains 5 Java-only syntax markers."
"src/test/java/picocli/Issue1351.java","needs-review","80","20","66","68","5","5","0","0","0","0","11","17","6","8","2","1","0","0","Kotlin output still contains 2 Java-only syntax markers.; Output contains 1 TODO/ERROR/UnsupportedOperationException markers."
"src/test/java/picocli/Issue1383MultipleArgumentsTest.java","good","96","4","94","68","4","4","0","0","0","0","8","7","4","7","1","0","0","0","Kotlin output still contains 1 Java-only syntax markers."
"src/test/java/picocli/Issue1528.java","good","100","0","60","62","3","3","0","0","0","0","5","6","3","6","0","0","0","0","No heuristic issues detected."
"src/test/java/picocli/Issue1531ResetOptionMethods.java","good","100","0","47","46","2","2","0","0","0","0","6","4","6","7","0","0","0","0","No heuristic issues detected."
"src/test/java/picocli/Issue1536ResetOptionInGroup.java","good","100","0","61","61","4","4","0","0","0","0","6","6","10","12","0","0","0","0","No heuristic issues detected."
"src/test/java/picocli/Issue1549ArgGroupParamConsumer.java","good","100","0","38","38","4","4","0","0","0","0","4","4","5","6","0","0","0","0","No heuristic issues detected."
"src/test/java/picocli/Issue1565HideParamOnUnknownOption.java","needs-review","77","23","154","141","4","4","0","0","0","0","26","21","8","13","2","0","0","0","Method-like declaration count dropped by 5.; Kotlin output still contains 2 Java-only syntax markers."
"src/test/java/picocli/Issue1741.java","good","100","0","38","35","4","4","0","0","0","0","9","8","8","10","0","0","0","0","No heuristic issues detected."
"src/test/java/picocli/Issue1767.java","good","100","0","32","33","3","3","0","0","0","0","6","5","5","7","0","0","0","0","No heuristic issues detected."
"src/test/java/picocli/Issue1772.java","good","100","0","35","34","3","3","0","0","0","0","6","6","6","7","0","0","0","2","No heuristic issues detected."
"src/test/java/picocli/Issue1774.java","good","100","0","33","30","3","3","0","0","0","0","6","6","7","8","0","0","0","0","No heuristic issues detected."
"src/test/java/picocli/Issue1815Group.java","needs-review","71","29","71","53","4","4","0","0","0","0","11","8","8","8","5","0","0","0","Method-like declaration count dropped by 3.; Kotlin output still contains 5 Java-only syntax markers."
"src/test/java/picocli/Issue1880.java","good","91","9","48","44","2","2","0","0","0","0","16","13","7","13","0","0","0","0","Method-like declaration count dropped by 3."
"src/test/java/picocli/Issue2029.java","good","96","4","43","43","2","2","0","0","0","0","7","7","7","9","1","0","0","0","Kotlin output still contains 1 Java-only syntax markers."
"src/test/java/picocli/Issue2058DefaultValForParamConsumer.java","good","96","4","87","81","6","6","0","0","0","0","18","16","6","10","1","0","0","0","Kotlin output still contains 1 Java-only syntax markers."
"src/test/java/picocli/Issue2149.java","needs-review","84","16","80","81","5","5","0","0","0","0","13","18","11","13","4","0","0","0","Kotlin output still contains 4 Java-only syntax markers."
"src/test/java/picocli/Issue2228.java","good","96","4","47","47","3","3","0","0","0","0","6","9","4","7","1","0","1","1","Kotlin output still contains 1 Java-only syntax markers."
"src/test/java/picocli/Issue2292.java","good","100","0","34","27","3","3","0","0","0","0","5","4","4","6","0","0","1","1","No heuristic issues detected."
"src/test/java/picocli/Issue2309.java","good","100","0","39","39","4","4","0","0","0","0","3","2","8","9","0","0","0","0","No heuristic issues detected."
"src/test/java/picocli/Issue2341.java","good","96","4","33","34","4","4","0","0","0","0","5","4","4","6","1","0","0","0","Kotlin output still contains 1 Java-only syntax markers."
"src/test/java/picocli/Issue2342.java","needs-review","68","32","232","165","3","3","0","0","0","0","28","20","15","24","2","0","0","0","Method-like declaration count dropped by 8.; Kotlin output still contains 2 Java-only syntax markers."
"src/test/java/picocli/Issue2349.java","good","88","12","68","59","4","4","0","0","0","0","8","13","7","8","3","0","0","0","Kotlin output still contains 3 Java-only syntax markers."
"src/test/java/picocli/Issue2380.java","good","100","0","38","38","2","2","0","0","0","0","5","6","8","11","0","0","0","0","No heuristic issues detected."
"src/test/java/picocli/Issue776ArgGroupsIgnoredInMixinTest.java","poor","47","53","65","61","5","5","0","0","0","0","8","2","11","12","9","0","0","0","Method-like declaration count dropped by 6.; Kotlin output still contains 9 Java-only syntax markers."
"src/test/java/picocli/Issue779ExceptionWhenNestedGroupInMixin.java","poor","44","56","71","65","6","6","0","0","0","0","9","2","12","13","11","0","0","0","Method-like declaration count dropped by 7.; Kotlin output still contains 11 Java-only syntax markers."
"src/test/java/picocli/Issue787SubclassSubcommandStackOverflow.java","needs-review","82","18","85","90","8","8","0","0","0","0","21","15","14","20","0","0","0","0","Method-like declaration count dropped by 6."
"src/test/java/picocli/LenientParsingTest.java","poor","58","42","316","316","12","12","0","0","0","0","61","38","51","72","3","0","0","0","Method-like declaration count dropped by 23.; Kotlin output still contains 3 Java-only syntax markers."
"src/test/java/picocli/MapOptionsTest.java","needs-review","73","27","191","187","17","17","0","0","0","0","35","26","33","46","0","0","0","0","Method-like declaration count dropped by 9."
"src/test/java/picocli/MixinTest.java","poor","35","65","955","840","80","80","0","0","0","0","182","128","174","234","14","0","2","2","Method-like declaration count dropped by 54.; Kotlin output still contains 14 Java-only syntax markers."
"src/test/java/picocli/ModelArgGroupSpecTest.java","good","100","0","85","134","1","1","0","0","0","0","31","32","10","18","0","0","4","4","No heuristic issues detected."
"src/test/java/picocli/ModelArgSpecTest.java","needs-review","65","35","406","547","4","4","0","0","0","0","114","128","40","79","22","0","12","12","Kotlin output still contains 22 Java-only syntax markers."
"src/test/java/picocli/ModelCommandReflectionTest.java","good","100","0","271","302","13","13","0","0","0","0","31","47","60","88","0","0","2","2","No heuristic issues detected."
"src/test/java/picocli/ModelCommandSpecTest.java","poor","17","83","1255","1271","17","17","0","0","0","0","224","198","145","243","2","9","2","2","Method-like declaration count dropped by 26.; Kotlin output still contains 2 Java-only syntax markers.; Output contains 9 TODO/ERROR/UnsupportedOperationException markers."
"src/test/java/picocli/ModelFieldBindingTest.java","needs-review","82","18","54","60","1","1","0","0","0","0","14","8","6","14","0","0","0","0","Method-like declaration count dropped by 6."
"src/test/java/picocli/ModelMessagesTest.java","good","96","4","74","77","1","1","0","0","0","0","26","27","10","18","1","0","1","1","Kotlin output still contains 1 Java-only syntax markers."
"src/test/java/picocli/ModelMethodBindingBean.java","good","96","4","13","7","1","1","0","0","0","0","3","2","0","0","1","0","0","0","Kotlin output still contains 1 Java-only syntax markers."
"src/test/java/picocli/ModelMethodBindingTest.java","poor","62","38","145","165","1","1","0","0","0","0","41","25","12","32","2","0","0","0","Method-like declaration count dropped by 16.; Kotlin output still contains 2 Java-only syntax markers."
"src/test/java/picocli/ModelOptionSpecTest.java","good","88","12","396","398","3","3","0","0","0","0","56","90","51","94","3","0","3","3","Kotlin output still contains 3 Java-only syntax markers."
"src/test/java/picocli/ModelParseResultTest.java","poor","58","42","621","619","33","33","0","0","0","0","106","72","110","146","0","1","0","0","Method-like declaration count dropped by 34.; Output contains 1 TODO/ERROR/UnsupportedOperationException markers."
"src/test/java/picocli/ModelPositionalParamSpecTest.java","good","88","12","302","296","4","4","0","0","0","0","49","72","42","76","3","0","3","3","Kotlin output still contains 3 Java-only syntax markers."
"src/test/java/picocli/ModelRuntimeInfoTest.java","good","100","0","49","48","2","2","0","0","0","0","7","10","7","12","0","0","0","0","No heuristic issues detected."
"src/test/java/picocli/ModelTransformerTest.java","good","100","0","42","39","4","4","0","0","0","0","8","8","3","6","0","0","0","0","No heuristic issues detected."
"src/test/java/picocli/ModelTypedMemberTest.java","good","100","0","54","57","4","4","0","0","0","0","9","8","10","15","0","0","0","0","No heuristic issues detected."
"src/test/java/picocli/ModelUnmatchedArgsBindingTest.java","missing","0","100","141","","7","","0","","0","","31","","13","","","","0","","No matching Kotlin file was produced."
"src/test/java/picocli/ModelUsageMessageSpecTest.java","good","91","9","263","269","5","5","0","0","0","0","46","43","26","48","0","0","0","0","Method-like declaration count dropped by 3."
"src/test/java/picocli/NegatableOptionTest.java","poor","62","38","555","578","26","26","0","0","0","0","87","70","100","129","2","0","0","0","Method-like declaration count dropped by 17.; Kotlin output still contains 2 Java-only syntax markers."
"src/test/java/picocli/OptionMethodImplTest.java","good","92","8","371","483","9","9","0","0","0","0","89","132","66","77","2","0","0","0","Kotlin output still contains 2 Java-only syntax markers."
"src/test/java/picocli/OptionMethodSpecTest.java","good","100","0","384","389","1","1","9","9","0","0","76","106","67","79","0","0","0","0","No heuristic issues detected."
"src/test/java/picocli/OrderedArgGroupSynopsisTest.java","good","100","0","42","42","4","4","0","0","0","0","4","2","8","9","0","0","0","0","No heuristic issues detected."
"src/test/java/picocli/OrderedOptionsTest.java","good","100","0","57","56","2","2","0","0","0","0","6","4","7","9","0","0","0","0","No heuristic issues detected."
"src/test/java/picocli/OrderedSynopsisTest.java","needs-review","76","24","45","41","2","2","0","0","0","0","5","6","6","7","6","0","0","0","Kotlin output still contains 6 Java-only syntax markers."
"src/test/java/picocli/ParameterConsumerTest.java","poor","51","49","126","129","9","9","0","0","0","0","19","16","20","27","7","1","0","0","Method-like declaration count dropped by 3.; Kotlin output still contains 7 Java-only syntax markers.; Output contains 1 TODO/ERROR/UnsupportedOperationException markers."
"src/test/java/picocli/ParameterPreprocessorTest.java","needs-review","77","23","169","172","8","9","0","0","1","1","31","26","22","31","2","0","0","0","Method-like declaration count dropped by 5.; Kotlin output still contains 2 Java-only syntax markers."
"src/test/java/picocli/ParentCommandTest.java","poor","38","62","119","122","7","7","0","0","0","0","24","15","22","29","11","0","0","0","Method-like declaration count dropped by 9.; Kotlin output still contains 11 Java-only syntax markers."
"src/test/java/picocli/PropertiesDefaultProviderTest.java","needs-review","66","34","237","249","6","6","0","0","0","0","49","25","33","52","1","0","0","0","Method-like declaration count dropped by 24.; Kotlin output still contains 1 Java-only syntax markers."
"src/test/java/picocli/RangeTest.java","poor","38","62","541","523","19","19","0","0","0","0","43","38","86","102","10","1","0","18","Method-like declaration count dropped by 5.; Kotlin output still contains 10 Java-only syntax markers.; Output contains 1 TODO/ERROR/UnsupportedOperationException markers."
"src/test/java/picocli/RepeatableSubcommandsTest.java","poor","58","42","800","826","19","21","0","0","2","2","114","83","57","82","3","0","6","6","Method-like declaration count dropped by 31.; Kotlin output still contains 3 Java-only syntax markers."
"src/test/java/picocli/ResourceBundlePropagationTest.java","good","91","9","44","40","5","5","0","0","0","0","5","2","7","8","0","0","0","0","Method-like declaration count dropped by 3."
"src/test/java/picocli/Size.java","poor","60","40","146","178","1","0","0","0","0","0","26","24","2","8","8","0","5","5","Class/interface/enum/record declaration count dropped by 1.; Kotlin output still contains 8 Java-only syntax markers."
"src/test/java/picocli/SplitSynopsisLabelTest.java","good","85","15","59","57","4","4","0","0","0","0","11","6","11","14","0","0","0","0","Method-like declaration count dropped by 5."
"src/test/java/picocli/StringPrintStream.java","good","96","4","33","35","1","1","0","0","0","0","7","10","0","2","1","0","0","0","Kotlin output still contains 1 Java-only syntax markers."
"src/test/java/picocli/SubcommandTests.java","missing","0","100","2764","","125","","0","","0","","517","","288","","","","10","","No matching Kotlin file was produced."
"src/test/java/picocli/TestUtil.java","good","88","12","217","223","1","0","0","0","0","0","39","51","1","9","1","0","0","0","Class/interface/enum/record declaration count dropped by 1.; Kotlin output still contains 1 Java-only syntax markers."
"src/test/java/picocli/TextTableTest.java","good","88","12","53","55","1","1","0","0","0","0","7","9","5","7","3","0","0","0","Kotlin output still contains 3 Java-only syntax markers."
"src/test/java/picocli/TracerTest.java","good","92","8","429","454","13","13","2","2","0","0","29","28","17","33","2","0","0","8","Kotlin output still contains 2 Java-only syntax markers."
"src/test/java/picocli/TypeConversionTest.java","missing","0","100","1265","","43","","3","","3","","236","","171","","","","6","","No matching Kotlin file was produced."
"src/test/java/picocli/UnmatchedArgumentExceptionTest.java","needs-review","70","30","212","204","4","4","0","0","0","0","81","44","28","46","0","0","1","1","Method-like declaration count dropped by 37."
"src/test/java/picocli/UnmatchedOptionTest.java","poor","35","65","503","499","37","37","0","0","0","0","150","78","109","143","9","0","0","0","Method-like declaration count dropped by 72.; Kotlin output still contains 9 Java-only syntax markers."
"src/test/java/picocli/VersionProviderTest.java","poor","50","50","274","299","21","21","0","0","0","0","85","53","39","59","2","1","5","5","Method-like declaration count dropped by 32.; Kotlin output still contains 2 Java-only syntax markers.; Output contains 1 TODO/ERROR/UnsupportedOperationException markers."
"src/test/java/picocli/WindowsJansiDemo.java","good","100","0","29","28","1","1","0","0","0","0","3","2","1","1","0","0","0","0","No heuristic issues detected."
"src/test/java/picocli/test/CommandLineExecution.java","poor","50","50","67","76","1","1","0","0","0","0","17","12","0","0","10","0","0","0","Method-like declaration count dropped by 5.; Kotlin output still contains 10 Java-only syntax markers."
"src/test/java/picocli/test/Execution.java","needs-review","65","35","86","95","2","2","0","0","0","0","30","40","0","1","13","0","0","0","Kotlin output still contains 13 Java-only syntax markers."
"src/test/java/picocli/test/ProcessExecution.java","needs-review","76","24","60","80","1","1","0","0","0","0","15","17","0","1","6","0","0","0","Kotlin output still contains 6 Java-only syntax markers."
"src/test/java/picocli/test/Supplier.java","good","100","0","4","4","0","0","1","1","0","0","0","2","0","0","0","0","0","0","No heuristic issues detected."
